,date,open,high,low,close,volume,fundname
0,2013-05-08,1.007,1.018,1.001,1.005,368039968,sh510650
1,2013-05-09,1.002,1.009,0.99,0.999,119737328,sh510650
2,2013-05-10,0.995,1.009,0.994,1.004,112993936,sh510650
3,2013-05-13,0.999,1.006,0.995,1.001,38605112,sh510650
4,2013-05-14,0.995,0.997,0.983,0.988,45143376,sh510650
5,2013-05-15,0.99,0.992,0.986,0.99,13329484,sh510650
6,2013-05-16,0.984,1.014,0.981,1.012,46070036,sh510650
7,2013-05-17,1.013,1.027,1.005,1.022,26435712,sh510650
8,2013-05-20,1.02,1.048,1.02,1.034,29844200,sh510650
9,2013-05-21,1.03,1.034,1.022,1.027,28938064,sh510650
10,2013-05-22,1.027,1.036,1.027,1.035,24119404,sh510650
11,2013-05-23,1.029,1.033,1.013,1.013,22148694,sh510650
12,2013-05-24,1.014,1.024,1.009,1.018,15184352,sh510650
13,2013-05-27,1.011,1.025,1.011,1.018,14928070,sh510650
14,2013-05-28,1.015,1.046,1.015,1.045,23621524,sh510650
15,2013-05-29,1.046,1.054,1.038,1.039,19709948,sh510650
16,2013-05-30,1.033,1.045,1.033,1.037,8227698,sh510650
17,2013-05-31,1.037,1.042,1.028,1.029,8106137,sh510650
18,2013-06-03,1.029,1.039,1.027,1.029,24264632,sh510650
19,2013-06-04,1.027,1.028,1.015,1.019,38216184,sh510650
20,2013-06-05,1.02,1.02,1.007,1.01,13102252,sh510650
21,2013-06-06,1.005,1.009,0.994,0.995,10807436,sh510650
22,2013-06-07,0.994,1.003,0.981,0.984,16804568,sh510650
23,2013-06-13,0.983,0.983,0.945,0.956,16761076,sh510650
24,2013-06-14,0.956,0.96,0.954,0.96,7223721,sh510650
25,2013-06-17,0.98,0.98,0.953,0.955,6804461,sh510650
26,2013-06-18,0.969,0.969,0.957,0.961,10262442,sh510650
27,2013-06-19,0.96,0.96,0.939,0.949,8870054,sh510650
28,2013-06-20,0.95,0.95,0.915,0.917,14782458,sh510650
29,2013-06-21,0.913,0.927,0.899,0.919,42482220,sh510650
30,2013-06-24,0.916,0.916,0.851,0.852,33024780,sh510650
31,2013-06-25,0.838,0.854,0.797,0.854,34387420,sh510650
32,2013-06-26,0.853,0.855,0.834,0.846,12594487,sh510650
33,2013-06-27,0.846,0.862,0.836,0.855,26449640,sh510650
34,2013-06-28,0.855,0.889,0.85,0.885,25902240,sh510650
35,2013-07-01,0.867,0.884,0.867,0.882,10233900,sh510650
36,2013-07-02,0.868,0.882,0.865,0.877,13737232,sh510650
37,2013-07-03,0.877,0.877,0.855,0.869,12156288,sh510650
38,2013-07-04,0.865,0.885,0.859,0.874,21127684,sh510650
39,2013-07-05,0.88,0.888,0.877,0.88,19639720,sh510650
40,2013-07-08,0.868,0.879,0.863,0.867,12550390,sh510650
41,2013-07-09,0.867,0.87,0.863,0.868,7584678,sh510650
42,2013-07-10,0.868,0.89,0.867,0.888,25550520,sh510650
43,2013-07-11,0.9,0.963,0.893,0.954,62075748,sh510650
44,2013-07-12,0.953,0.954,0.916,0.92,17983704,sh510650
45,2013-07-15,0.923,0.95,0.917,0.929,46817084,sh510650
46,2013-07-16,0.921,0.931,0.915,0.931,37379700,sh510650
47,2013-07-17,0.931,0.935,0.918,0.92,39205600,sh510650
48,2013-07-18,0.923,0.923,0.897,0.898,39108000,sh510650
49,2013-07-19,0.898,0.902,0.874,0.877,74507000,sh510650
50,2013-07-22,0.852,0.878,0.852,0.877,24383924,sh510650
51,2013-07-23,0.877,0.91,0.876,0.9,75914848,sh510650
52,2013-07-24,0.89,0.9,0.872,0.886,67111200,sh510650
53,2013-07-25,0.89,0.893,0.878,0.88,51662728,sh510650
54,2013-07-26,0.874,0.881,0.872,0.877,40423956,sh510650
55,2013-07-29,0.872,0.872,0.85,0.855,22129088,sh510650
56,2013-07-30,0.841,0.88,0.841,0.866,79605400,sh510650
57,2013-07-31,0.871,0.888,0.866,0.868,83850704,sh510650
58,2013-08-01,0.879,0.891,0.87,0.888,51498468,sh510650
59,2013-08-02,0.888,0.901,0.886,0.886,7462800,sh510650
60,2013-08-05,0.885,0.897,0.883,0.897,19017400,sh510650
61,2013-08-06,0.89,0.899,0.883,0.893,8727372,sh510650
62,2013-08-07,0.895,0.908,0.888,0.889,49191804,sh510650
63,2013-08-08,0.88,0.897,0.88,0.884,28877576,sh510650
64,2013-08-09,0.89,0.896,0.876,0.886,19413840,sh510650
65,2013-08-12,0.89,0.922,0.89,0.921,46725500,sh510650
66,2013-08-13,0.924,0.93,0.918,0.929,28810200,sh510650
67,2013-08-14,0.929,0.945,0.923,0.926,11830721,sh510650
68,2013-08-15,0.906,0.932,0.906,0.916,3451530,sh510650
69,2013-08-16,0.914,0.973,0.903,0.918,75053184,sh510650
70,2013-08-19,0.902,0.93,0.9,0.924,22255428,sh510650
71,2013-08-20,0.913,0.94,0.913,0.918,28982608,sh510650
72,2013-08-21,0.922,0.922,0.906,0.913,15495539,sh510650
73,2013-08-22,0.91,0.927,0.908,0.91,27116090,sh510650
74,2013-08-23,0.917,0.918,0.887,0.9,7106375,sh510650
75,2013-08-26,0.901,0.924,0.9,0.923,13448062,sh510650
76,2013-08-27,0.922,0.927,0.914,0.922,4098362,sh510650
77,2013-08-28,0.92,0.921,0.907,0.914,3617319,sh510650
78,2013-08-29,0.917,0.925,0.912,0.915,9786901,sh510650
79,2013-08-30,0.914,0.927,0.91,0.921,13187472,sh510650
80,2013-09-02,0.923,0.927,0.916,0.92,8309263,sh510650
81,2013-09-03,0.921,0.937,0.921,0.937,16279536,sh510650
82,2013-09-04,0.937,0.941,0.933,0.933,16984948,sh510650
83,2013-09-05,0.932,0.938,0.932,0.934,5423547,sh510650
84,2013-09-06,0.933,0.948,0.93,0.945,15893392,sh510650
85,2013-09-09,0.946,1.019,0.946,1.013,78045280,sh510650
86,2013-09-10,1.015,1.022,0.999,1.021,114181808,sh510650
87,2013-09-11,1.021,1.042,1.016,1.018,26896876,sh510650
88,2013-09-12,1.018,1.069,1.01,1.048,112058408,sh510650
89,2013-09-13,1.048,1.049,1.025,1.028,81424624,sh510650
90,2013-09-16,1.03,1.038,1.007,1.021,68205072,sh510650
91,2013-09-17,1.022,1.032,0.998,0.999,34561152,sh510650
92,2013-09-18,1.001,1.007,0.988,1.0,33540116,sh510650
93,2013-09-23,1.004,1.008,0.995,1.007,25288510,sh510650
94,2013-09-24,1.001,1.001,0.97,0.977,13120400,sh510650
95,2013-09-25,0.988,0.99,0.969,0.972,31012496,sh510650
96,2013-09-26,0.962,0.98,0.947,0.951,22073600,sh510650
97,2013-09-27,0.948,0.958,0.947,0.957,40104700,sh510650
98,2013-09-30,0.96,0.966,0.955,0.958,7381901,sh510650
99,2013-10-08,0.956,0.97,0.945,0.967,17336038,sh510650
100,2013-10-09,0.965,0.978,0.958,0.971,29268300,sh510650
101,2013-10-10,0.966,0.973,0.951,0.952,16541482,sh510650
102,2013-10-11,0.959,0.974,0.956,0.972,64261096,sh510650
103,2013-10-14,0.97,0.972,0.958,0.961,19177368,sh510650
104,2013-10-15,0.961,0.962,0.95,0.954,6448478,sh510650
105,2013-10-16,0.954,0.955,0.937,0.942,14248753,sh510650
106,2013-10-17,0.943,0.949,0.937,0.937,4473799,sh510650
107,2013-10-18,0.939,0.951,0.93,0.942,37903700,sh510650
108,2013-10-21,0.942,0.954,0.933,0.951,21267064,sh510650
109,2013-10-22,0.952,0.952,0.935,0.938,7539538,sh510650
110,2013-10-23,0.939,0.96,0.938,0.94,56095200,sh510650
111,2013-10-24,0.939,0.943,0.928,0.93,33180356,sh510650
112,2013-10-25,0.934,0.945,0.926,0.933,31859924,sh510650
113,2013-10-28,0.934,0.937,0.926,0.933,19577100,sh510650
114,2013-10-29,0.934,0.966,0.934,0.953,71934552,sh510650
115,2013-10-30,0.955,0.962,0.945,0.961,24837316,sh510650
116,2013-10-31,0.961,0.961,0.947,0.947,13339500,sh510650
117,2013-11-01,0.945,0.962,0.945,0.958,48151296,sh510650
118,2013-11-04,0.961,0.968,0.95,0.952,11949600,sh510650
119,2013-11-05,0.948,0.948,0.932,0.943,42020100,sh510650
120,2013-11-06,0.942,0.942,0.93,0.931,21710026,sh510650
121,2013-11-07,0.932,0.937,0.926,0.933,16979304,sh510650
122,2013-11-08,0.932,0.933,0.914,0.918,9397586,sh510650
123,2013-11-11,0.918,0.922,0.915,0.918,6007009,sh510650
124,2013-11-12,0.919,0.931,0.919,0.931,49999700,sh510650
125,2013-11-13,0.93,0.93,0.902,0.904,9002769,sh510650
126,2013-11-14,0.902,0.906,0.892,0.9,9313967,sh510650
127,2013-11-15,0.9,0.931,0.9,0.919,70862096,sh510650
128,2013-11-18,0.92,0.971,0.92,0.969,79422680,sh510650
129,2013-11-19,0.973,0.973,0.954,0.957,57794600,sh510650
130,2013-11-20,0.96,0.966,0.951,0.957,36637400,sh510650
131,2013-11-21,0.956,0.956,0.935,0.949,25577762,sh510650
132,2013-11-22,0.948,0.955,0.944,0.947,21358026,sh510650
133,2013-11-25,0.946,0.958,0.939,0.941,35704620,sh510650
134,2013-11-26,0.941,0.946,0.938,0.939,19385692,sh510650
135,2013-11-27,0.938,0.956,0.937,0.949,36338368,sh510650
136,2013-11-28,0.953,0.964,0.949,0.953,36680472,sh510650
137,2013-11-29,0.954,0.959,0.951,0.952,11052182,sh510650
138,2013-12-02,0.957,0.98,0.955,0.972,61879192,sh510650
139,2013-12-03,0.971,0.974,0.961,0.971,17250198,sh510650
140,2013-12-04,0.971,0.987,0.967,0.977,42659340,sh510650
141,2013-12-05,0.977,0.98,0.973,0.976,19007134,sh510650
142,2013-12-06,0.976,0.976,0.961,0.966,15602000,sh510650
143,2013-12-09,0.965,0.973,0.961,0.961,13513307,sh510650
144,2013-12-10,0.964,0.969,0.961,0.965,16333499,sh510650
145,2013-12-11,0.964,0.964,0.944,0.947,11723800,sh510650
146,2013-12-12,0.946,0.948,0.939,0.941,10629100,sh510650
147,2013-12-13,0.94,0.942,0.932,0.941,19749688,sh510650
148,2013-12-16,0.939,0.943,0.93,0.93,9260848,sh510650
149,2013-12-17,0.931,0.933,0.927,0.929,11001037,sh510650
150,2013-12-18,0.929,0.936,0.927,0.93,10684800,sh510650
151,2013-12-19,0.931,0.935,0.917,0.917,15717400,sh510650
152,2013-12-20,0.915,0.919,0.892,0.893,16210696,sh510650
153,2013-12-23,0.895,0.9,0.886,0.892,19659110,sh510650
154,2013-12-24,0.893,0.902,0.888,0.891,15756300,sh510650
155,2013-12-25,0.892,0.897,0.889,0.897,6039601,sh510650
156,2013-12-26,0.898,0.898,0.884,0.886,5461500,sh510650
157,2013-12-27,0.887,0.908,0.886,0.902,33647400,sh510650
158,2013-12-30,0.904,0.905,0.898,0.901,13110399,sh510650
159,2013-12-31,0.9,0.92,0.895,0.916,46096320,sh510650
160,2014-01-02,0.916,0.916,0.904,0.908,7959965,sh510650
161,2014-01-03,0.907,0.907,0.886,0.891,8890035,sh510650
162,2014-01-06,0.89,0.89,0.872,0.88,8040726,sh510650
163,2014-01-07,0.88,0.88,0.873,0.877,6699847,sh510650
164,2014-01-08,0.877,0.887,0.875,0.882,15967171,sh510650
165,2014-01-09,0.881,0.889,0.877,0.879,21937104,sh510650
166,2014-01-10,0.878,0.879,0.87,0.877,14185699,sh510650
167,2014-01-13,0.878,0.882,0.873,0.875,6602299,sh510650
168,2014-01-14,0.875,0.882,0.871,0.879,11633800,sh510650
169,2014-01-15,0.878,0.878,0.866,0.87,6150300,sh510650
170,2014-01-16,0.87,0.878,0.866,0.872,19848984,sh510650
171,2014-01-17,0.871,0.871,0.86,0.863,5825200,sh510650
172,2014-01-20,0.863,0.863,0.857,0.859,2871399,sh510650
173,2014-01-21,0.859,0.873,0.859,0.865,6022100,sh510650
174,2014-01-22,0.865,0.886,0.865,0.884,13708750,sh510650
175,2014-01-23,0.884,0.884,0.872,0.873,4696000,sh510650
176,2014-01-24,0.872,0.88,0.868,0.873,7131351,sh510650
177,2014-01-27,0.872,0.872,0.857,0.859,13073799,sh510650
178,2014-01-28,0.86,0.869,0.86,0.867,15665733,sh510650
179,2014-01-29,0.867,0.874,0.867,0.873,12118033,sh510650
180,2014-01-30,0.872,0.872,0.864,0.864,5023200,sh510650
181,2014-02-07,0.861,0.862,0.852,0.859,4022300,sh510650
182,2014-02-10,0.861,0.875,0.861,0.873,7870725,sh510650
183,2014-02-11,0.872,0.897,0.868,0.889,63557900,sh510650
184,2014-02-12,0.888,0.897,0.884,0.887,33550832,sh510650
185,2014-02-13,0.887,0.904,0.882,0.891,110123400,sh510650
186,2014-02-14,0.89,0.892,0.885,0.89,11591600,sh510650
187,2014-02-17,0.892,0.896,0.884,0.888,22953816,sh510650
188,2014-02-18,0.887,0.887,0.869,0.87,4190523,sh510650
189,2014-02-19,0.87,0.896,0.865,0.889,45740208,sh510650
190,2014-02-20,0.889,0.9,0.875,0.877,15439588,sh510650
191,2014-02-21,0.873,0.877,0.865,0.869,5770700,sh510650
192,2014-02-24,0.869,0.869,0.84,0.845,6769100,sh510650
193,2014-02-25,0.844,0.849,0.831,0.833,30884624,sh510650
194,2014-02-26,0.832,0.836,0.826,0.832,14789233,sh510650
195,2014-02-27,0.833,0.845,0.829,0.839,51837344,sh510650
196,2014-02-28,0.837,0.847,0.829,0.844,29072694,sh510650
197,2014-03-03,0.843,0.843,0.835,0.839,4299900,sh510650
198,2014-03-04,0.842,0.846,0.834,0.844,20719956,sh510650
199,2014-03-05,0.845,0.846,0.832,0.833,2303790,sh510650
200,2014-03-06,0.833,0.848,0.828,0.843,18861600,sh510650
201,2014-03-07,0.845,0.85,0.834,0.836,24900444,sh510650
202,2014-03-10,0.833,0.833,0.81,0.81,12981400,sh510650
203,2014-03-11,0.811,0.819,0.808,0.814,18267300,sh510650
204,2014-03-12,0.813,0.827,0.81,0.819,30017400,sh510650
205,2014-03-13,0.82,0.842,0.82,0.829,52538428,sh510650
206,2014-03-14,0.827,0.831,0.819,0.824,5883259,sh510650
207,2014-03-17,0.825,0.828,0.821,0.827,3174100,sh510650
208,2014-03-18,0.827,0.828,0.82,0.82,4065360,sh510650
209,2014-03-19,0.819,0.819,0.807,0.815,31447072,sh510650
210,2014-03-20,0.815,0.827,0.813,0.813,32898670,sh510650
211,2014-03-21,0.81,0.853,0.807,0.851,76755832,sh510650
212,2014-03-24,0.86,0.866,0.849,0.86,23582200,sh510650
213,2014-03-25,0.859,0.864,0.851,0.854,9322187,sh510650
214,2014-03-26,0.855,0.86,0.851,0.852,1754900,sh510650
215,2014-03-27,0.852,0.871,0.845,0.856,92371200,sh510650
216,2014-03-28,0.855,0.869,0.854,0.86,54255200,sh510650
217,2014-03-31,0.863,0.864,0.851,0.857,15056400,sh510650
218,2014-04-01,0.857,0.864,0.854,0.859,24428072,sh510650
219,2014-04-02,0.859,0.873,0.859,0.871,43925036,sh510650
220,2014-04-03,0.872,0.881,0.863,0.864,26996108,sh510650
221,2014-04-04,0.864,0.872,0.859,0.871,30700900,sh510650
222,2014-04-08,0.868,0.906,0.868,0.899,79193272,sh510650
223,2014-04-09,0.898,0.901,0.892,0.894,30040498,sh510650
224,2014-04-10,0.895,0.928,0.89,0.915,55334192,sh510650
225,2014-04-11,0.915,0.916,0.904,0.91,55178500,sh510650
226,2014-04-14,0.909,0.914,0.901,0.905,13802580,sh510650
227,2014-04-15,0.904,0.904,0.883,0.885,9810690,sh510650
228,2014-04-16,0.885,0.896,0.884,0.889,40294400,sh510650
229,2014-04-17,0.89,0.894,0.883,0.886,14545550,sh510650
230,2014-04-18,0.885,0.886,0.873,0.885,32527140,sh510650
231,2014-04-21,0.879,0.888,0.87,0.87,29827110,sh510650
232,2014-04-22,0.87,0.881,0.867,0.881,39605100,sh510650
233,2014-04-23,0.879,0.884,0.877,0.88,20384706,sh510650
234,2014-04-24,0.879,0.891,0.878,0.883,22346984,sh510650
235,2014-04-25,0.888,0.894,0.881,0.882,40108024,sh510650
236,2014-04-28,0.882,0.885,0.872,0.874,32949882,sh510650
237,2014-04-29,0.873,0.882,0.87,0.881,90325344,sh510650
238,2014-04-30,0.882,0.883,0.874,0.874,13992024,sh510650
239,2014-05-05,0.874,0.875,0.861,0.87,20863800,sh510650
240,2014-05-06,0.87,0.875,0.865,0.868,23301252,sh510650
241,2014-05-07,0.867,0.869,0.865,0.865,14777953,sh510650
242,2014-05-08,0.864,0.879,0.863,0.866,38383300,sh510650
243,2014-05-09,0.867,0.871,0.864,0.866,26975208,sh510650
244,2014-05-12,0.87,0.882,0.868,0.881,44277288,sh510650
245,2014-05-13,0.882,0.882,0.876,0.878,12176400,sh510650
246,2014-05-14,0.88,0.885,0.878,0.878,20084436,sh510650
247,2014-05-15,0.878,0.88,0.871,0.872,4901799,sh510650
248,2014-05-16,0.872,0.875,0.869,0.871,10855299,sh510650
249,2014-05-19,0.871,0.871,0.853,0.854,10013600,sh510650
250,2014-05-20,0.859,0.86,0.854,0.855,10111716,sh510650
251,2014-05-21,0.852,0.864,0.848,0.864,16418312,sh510650
252,2014-05-22,0.863,0.877,0.863,0.865,23103200,sh510650
253,2014-05-23,0.864,0.873,0.864,0.873,14409697,sh510650
254,2014-05-26,0.874,0.878,0.871,0.873,6755918,sh510650
255,2014-05-27,0.872,0.875,0.87,0.871,4977540,sh510650
256,2014-05-28,0.87,0.879,0.868,0.879,11846811,sh510650
257,2014-05-29,0.879,0.882,0.874,0.874,16710100,sh510650
258,2014-05-30,0.874,0.876,0.869,0.872,14166446,sh510650
259,2014-06-03,0.873,0.878,0.871,0.872,12157946,sh510650
260,2014-06-04,0.871,0.871,0.859,0.863,4711177,sh510650
261,2014-06-05,0.862,0.873,0.862,0.872,13097373,sh510650
262,2014-06-06,0.873,0.873,0.862,0.866,4880473,sh510650
263,2014-06-09,0.866,0.878,0.863,0.869,15191270,sh510650
264,2014-06-10,0.869,0.88,0.869,0.879,13672766,sh510650
265,2014-06-11,0.879,0.879,0.872,0.876,9368300,sh510650
266,2014-06-12,0.876,0.877,0.872,0.873,5763120,sh510650
267,2014-06-13,0.873,0.89,0.873,0.886,56598300,sh510650
268,2014-06-16,0.887,0.899,0.885,0.896,63466000,sh510650
269,2014-06-17,0.895,0.895,0.887,0.888,21282490,sh510650
270,2014-06-18,0.888,0.89,0.883,0.884,22201470,sh510650
271,2014-06-19,0.885,0.888,0.873,0.875,30016616,sh510650
272,2014-06-20,0.876,0.881,0.874,0.881,13771027,sh510650
273,2014-06-23,0.881,0.884,0.876,0.876,2580619,sh510650
274,2014-06-24,0.876,0.879,0.875,0.877,7795381,sh510650
275,2014-06-25,0.878,0.878,0.872,0.874,4408347,sh510650
276,2014-06-26,0.875,0.88,0.875,0.879,5395673,sh510650
277,2014-06-27,0.879,0.879,0.873,0.875,3561489,sh510650
278,2014-06-30,0.876,0.883,0.876,0.88,11149851,sh510650
279,2014-07-01,0.88,0.884,0.877,0.879,2414488,sh510650
280,2014-07-02,0.88,0.883,0.879,0.883,3640556,sh510650
281,2014-07-03,0.884,0.888,0.881,0.887,5088663,sh510650
282,2014-07-04,0.887,0.891,0.887,0.889,2912140,sh510650
283,2014-07-07,0.888,0.892,0.887,0.891,5969940,sh510650
284,2014-07-08,0.89,0.892,0.887,0.891,12601400,sh510650
285,2014-07-09,0.891,0.891,0.879,0.88,4837025,sh510650
286,2014-07-10,0.881,0.881,0.877,0.877,1984584,sh510650
287,2014-07-11,0.877,0.883,0.877,0.88,2479946,sh510650
288,2014-07-14,0.881,0.888,0.879,0.886,3521891,sh510650
289,2014-07-15,0.886,0.887,0.883,0.885,1784400,sh510650
290,2014-07-16,0.884,0.888,0.884,0.885,3739770,sh510650
291,2014-07-17,0.884,0.885,0.881,0.883,3061336,sh510650
292,2014-07-18,0.883,0.89,0.882,0.887,10679857,sh510650
293,2014-07-21,0.887,0.889,0.885,0.886,2688534,sh510650
294,2014-07-22,0.885,0.899,0.885,0.896,21428024,sh510650
295,2014-07-23,0.898,0.907,0.898,0.903,16286100,sh510650
296,2014-07-24,0.906,0.932,0.906,0.928,87000872,sh510650
297,2014-07-25,0.929,0.937,0.927,0.937,36279112,sh510650
298,2014-07-28,0.937,0.981,0.937,0.975,66268728,sh510650
299,2014-07-29,0.975,0.984,0.97,0.979,60140440,sh510650
300,2014-07-30,0.978,0.986,0.97,0.972,38245656,sh510650
301,2014-07-31,0.971,0.985,0.969,0.985,26380842,sh510650
302,2014-08-01,0.984,0.993,0.974,0.974,57474920,sh510650
303,2014-08-04,0.976,1.001,0.974,0.995,60819544,sh510650
304,2014-08-05,0.994,0.995,0.979,0.985,15086642,sh510650
305,2014-08-06,0.984,0.984,0.964,0.974,19662200,sh510650
306,2014-08-07,0.974,0.975,0.957,0.959,19177310,sh510650
307,2014-08-08,0.953,0.963,0.953,0.958,23615912,sh510650
308,2014-08-11,0.959,0.975,0.959,0.974,40333580,sh510650
309,2014-08-12,0.974,0.974,0.962,0.966,2547512,sh510650
310,2014-08-13,0.966,0.971,0.958,0.966,13647074,sh510650
311,2014-08-14,0.967,0.97,0.955,0.957,12803838,sh510650
312,2014-08-15,0.954,0.969,0.95,0.964,7005955,sh510650
313,2014-08-18,0.965,0.974,0.964,0.966,6052400,sh510650
314,2014-08-19,0.966,0.967,0.957,0.964,4260499,sh510650
315,2014-08-20,0.963,0.963,0.957,0.958,2283084,sh510650
316,2014-08-21,0.952,0.954,0.942,0.949,28119668,sh510650
317,2014-08-22,0.949,0.957,0.948,0.956,8609454,sh510650
318,2014-08-25,0.957,0.957,0.942,0.942,12071101,sh510650
319,2014-08-26,0.943,0.949,0.941,0.943,14777829,sh510650
320,2014-08-27,0.944,0.947,0.941,0.942,1992535,sh510650
321,2014-08-28,0.942,0.943,0.936,0.936,4192821,sh510650
322,2014-08-29,0.936,0.945,0.936,0.945,14069052,sh510650
323,2014-09-01,0.944,0.947,0.941,0.945,6031700,sh510650
324,2014-09-02,0.945,0.961,0.943,0.96,9498700,sh510650
325,2014-09-03,0.963,0.972,0.96,0.967,26223120,sh510650
326,2014-09-04,0.969,0.978,0.965,0.976,13012337,sh510650
327,2014-09-05,0.977,0.987,0.977,0.983,21500622,sh510650
328,2014-09-09,0.983,0.984,0.972,0.973,2830268,sh510650
329,2014-09-10,0.97,0.97,0.96,0.963,17623816,sh510650
330,2014-09-11,0.963,0.976,0.96,0.962,14798910,sh510650
331,2014-09-12,0.959,0.964,0.956,0.963,13888328,sh510650
332,2014-09-15,0.963,0.963,0.954,0.96,5274143,sh510650
333,2014-09-16,0.959,0.966,0.951,0.951,24357300,sh510650
334,2014-09-17,0.95,0.964,0.95,0.954,16175478,sh510650
335,2014-09-18,0.953,0.962,0.949,0.956,48524992,sh510650
336,2014-09-19,0.956,0.964,0.954,0.96,26676460,sh510650
337,2014-09-22,0.96,0.96,0.937,0.94,5168568,sh510650
338,2014-09-23,0.94,0.947,0.938,0.945,7269461,sh510650
339,2014-09-24,0.945,0.966,0.941,0.965,27998182,sh510650
340,2014-09-25,0.966,0.97,0.956,0.959,19705884,sh510650
341,2014-09-26,0.959,0.959,0.951,0.956,4881400,sh510650
342,2014-09-29,0.956,0.961,0.953,0.957,2464515,sh510650
343,2014-09-30,0.957,0.958,0.954,0.955,802594,sh510650
344,2014-10-08,0.957,0.966,0.955,0.966,2572389,sh510650
345,2014-10-09,0.965,0.97,0.96,0.965,9760025,sh510650
346,2014-10-10,0.957,0.961,0.956,0.959,2993901,sh510650
347,2014-10-13,0.956,0.956,0.946,0.95,4812843,sh510650
348,2014-10-14,0.941,0.954,0.941,0.947,4557058,sh510650
349,2014-10-15,0.947,0.957,0.944,0.954,35504032,sh510650
350,2014-10-16,0.953,0.966,0.947,0.952,65959260,sh510650
351,2014-10-17,0.952,0.97,0.946,0.953,75380296,sh510650
352,2014-10-20,0.954,0.958,0.951,0.956,39794208,sh510650
353,2014-10-21,0.955,0.957,0.949,0.949,7319410,sh510650
354,2014-10-22,0.95,0.959,0.949,0.949,50332476,sh510650
355,2014-10-23,0.948,0.955,0.944,0.946,38786484,sh510650
356,2014-10-24,0.945,0.948,0.942,0.942,6139800,sh510650
357,2014-10-27,0.941,0.941,0.924,0.925,12238807,sh510650
358,2014-10-28,0.925,0.94,0.925,0.939,4804500,sh510650
359,2014-10-29,0.939,0.96,0.939,0.954,9233733,sh510650
360,2014-10-30,0.953,0.966,0.952,0.962,30262266,sh510650
361,2014-10-31,0.963,1.004,0.963,0.993,113749104,sh510650
362,2014-11-03,0.993,1.001,0.987,0.989,17133158,sh510650
363,2014-11-04,0.989,0.989,0.982,0.985,5485307,sh510650
364,2014-11-05,0.988,0.988,0.98,0.983,45195040,sh510650
365,2014-11-06,0.984,0.987,0.976,0.979,37375400,sh510650
366,2014-11-07,0.98,1.012,0.98,0.991,126200608,sh510650
367,2014-11-10,0.999,1.022,0.999,1.017,66451844,sh510650
368,2014-11-11,1.018,1.062,1.018,1.042,179566976,sh510650
369,2014-11-12,1.037,1.055,1.029,1.052,91422240,sh510650
370,2014-11-13,1.053,1.071,1.045,1.048,116439192,sh510650
371,2014-11-14,1.047,1.049,1.033,1.046,63909244,sh510650
372,2014-11-17,1.056,1.062,1.027,1.029,48075080,sh510650
373,2014-11-18,1.029,1.029,1.008,1.011,20754392,sh510650
374,2014-11-19,1.009,1.013,1.004,1.006,21436096,sh510650
375,2014-11-20,1.006,1.018,1.002,1.013,61439904,sh510650
376,2014-11-21,1.011,1.046,1.007,1.042,177176368,sh510650
377,2014-11-24,1.042,1.085,1.042,1.07,217620224,sh510650
378,2014-11-25,1.07,1.088,1.065,1.081,124715688,sh510650
379,2014-11-26,1.083,1.118,1.083,1.117,161560336,sh510650
380,2014-11-27,1.125,1.148,1.123,1.146,124585296,sh510650
381,2014-11-28,1.146,1.204,1.141,1.199,256923088,sh510650
382,2014-12-01,1.22,1.24,1.199,1.201,179531456,sh510650
383,2014-12-02,1.19,1.3,1.19,1.286,249845712,sh510650
384,2014-12-03,1.292,1.343,1.257,1.281,348660896,sh510650
385,2014-12-04,1.283,1.409,1.274,1.406,193298944,sh510650
386,2014-12-05,1.399,1.46,1.3,1.421,424389216,sh510650
387,2014-12-08,1.399,1.485,1.365,1.467,516366976,sh510650
388,2014-12-09,1.46,1.525,1.348,1.357,190597392,sh510650
389,2014-12-10,1.365,1.42,1.317,1.407,305963968,sh510650
390,2014-12-11,1.4,1.426,1.37,1.377,169962752,sh510650
391,2014-12-12,1.377,1.415,1.359,1.367,345079808,sh510650
392,2014-12-15,1.36,1.371,1.329,1.365,94218072,sh510650
393,2014-12-16,1.365,1.458,1.363,1.458,587388224,sh510650
394,2014-12-17,1.475,1.544,1.467,1.54,1162250752,sh510650
395,2014-12-18,1.537,1.543,1.478,1.487,363293824,sh510650
396,2014-12-19,1.486,1.518,1.444,1.497,320939840,sh510650
397,2014-12-22,1.5,1.573,1.481,1.537,339179904,sh510650
398,2014-12-23,1.525,1.57,1.49,1.512,315059872,sh510650
399,2014-12-24,1.506,1.525,1.403,1.43,316275296,sh510650
400,2014-12-25,1.448,1.506,1.43,1.495,329848352,sh510650
401,2014-12-26,1.497,1.595,1.497,1.593,339112992,sh510650
402,2014-12-29,1.65,1.673,1.564,1.59,307988864,sh510650
403,2014-12-30,1.585,1.66,1.585,1.639,327498944,sh510650
404,2014-12-31,1.639,1.682,1.622,1.681,301951168,sh510650
405,2015-01-05,1.69,1.723,1.664,1.699,265453584,sh510650
406,2015-01-06,1.68,1.717,1.63,1.67,281865920,sh510650
407,2015-01-07,1.656,1.704,1.643,1.666,271212032,sh510650
408,2015-01-08,1.669,1.684,1.597,1.607,194126160,sh510650
409,2015-01-09,1.604,1.714,1.591,1.625,303061088,sh510650
410,2015-01-12,1.63,1.644,1.574,1.61,222408304,sh510650
411,2015-01-13,1.61,1.623,1.583,1.587,66982200,sh510650
412,2015-01-14,1.588,1.627,1.585,1.605,121015616,sh510650
413,2015-01-15,1.604,1.682,1.597,1.682,139258320,sh510650
414,2015-01-16,1.684,1.714,1.668,1.689,127495416,sh510650
415,2015-01-19,1.63,1.63,1.52,1.52,49871240,sh510650
416,2015-01-20,1.49,1.535,1.47,1.507,126672328,sh510650
417,2015-01-21,1.512,1.615,1.508,1.608,183071648,sh510650
418,2015-01-22,1.605,1.625,1.58,1.603,131037104,sh510650
419,2015-01-23,1.607,1.663,1.607,1.628,202752016,sh510650
420,2015-01-26,1.625,1.628,1.595,1.615,67534896,sh510650
421,2015-01-27,1.616,1.625,1.551,1.585,89550344,sh510650
422,2015-01-28,1.58,1.595,1.547,1.557,160176544,sh510650
423,2015-01-29,1.55,1.55,1.51,1.522,102737184,sh510650
424,2015-01-30,1.525,1.548,1.502,1.505,138746256,sh510650
425,2015-02-02,1.473,1.49,1.452,1.46,75620520,sh510650
426,2015-02-03,1.466,1.521,1.462,1.514,117758128,sh510650
427,2015-02-04,1.518,1.533,1.482,1.483,99937208,sh510650
428,2015-02-05,1.552,1.572,1.481,1.484,136495392,sh510650
429,2015-02-06,1.478,1.497,1.454,1.471,133555320,sh510650
430,2015-02-09,1.468,1.521,1.459,1.502,162567152,sh510650
431,2015-02-10,1.501,1.532,1.495,1.528,127006704,sh510650
432,2015-02-11,1.529,1.538,1.517,1.53,65615968,sh510650
433,2015-02-12,1.53,1.532,1.506,1.523,36139500,sh510650
434,2015-02-13,1.524,1.556,1.524,1.531,59213400,sh510650
435,2015-02-16,1.53,1.53,1.513,1.522,11451700,sh510650
436,2015-02-17,1.523,1.549,1.523,1.533,17182200,sh510650
437,2015-02-25,1.532,1.534,1.494,1.5,8515700,sh510650
438,2015-02-26,1.501,1.557,1.484,1.557,80989864,sh510650
439,2015-02-27,1.556,1.569,1.541,1.547,48706848,sh510650
440,2015-03-02,1.596,1.596,1.538,1.547,80626688,sh510650
441,2015-03-03,1.542,1.542,1.488,1.49,20490124,sh510650
442,2015-03-04,1.491,1.5,1.478,1.487,18897168,sh510650
443,2015-03-05,1.487,1.487,1.454,1.465,74820312,sh510650
444,2015-03-06,1.466,1.483,1.462,1.463,95218288,sh510650
445,2015-03-09,1.456,1.52,1.424,1.505,193001296,sh510650
446,2015-03-10,1.495,1.502,1.471,1.478,139978048,sh510650
447,2015-03-11,1.478,1.517,1.478,1.491,137101984,sh510650
448,2015-03-12,1.495,1.575,1.495,1.551,287323904,sh510650
449,2015-03-13,1.55,1.589,1.54,1.555,148513232,sh510650
450,2015-03-16,1.565,1.59,1.544,1.589,163869264,sh510650
451,2015-03-17,1.612,1.62,1.593,1.609,104732808,sh510650
452,2015-03-18,1.62,1.652,1.617,1.651,171290016,sh510650
453,2015-03-19,1.647,1.647,1.619,1.63,61532360,sh510650
454,2015-03-20,1.632,1.707,1.619,1.677,225394352,sh510650
455,2015-03-23,1.693,1.702,1.679,1.697,182203696,sh510650
456,2015-03-24,1.698,1.704,1.656,1.675,91736192,sh510650
457,2015-03-25,1.673,1.681,1.63,1.636,33896400,sh510650
458,2015-03-26,1.634,1.676,1.609,1.645,194488192,sh510650
459,2015-03-27,1.646,1.668,1.632,1.649,164032304,sh510650
460,2015-03-30,1.649,1.723,1.649,1.717,303504064,sh510650
461,2015-03-31,1.75,1.783,1.691,1.699,94827808,sh510650
462,2015-04-01,1.69,1.738,1.69,1.729,179731280,sh510650
463,2015-04-02,1.736,1.746,1.687,1.71,47415424,sh510650
464,2015-04-03,1.701,1.74,1.699,1.738,109621560,sh510650
465,2015-04-07,1.777,1.779,1.745,1.776,253890192,sh510650
466,2015-04-08,1.778,1.831,1.764,1.825,326527808,sh510650
467,2015-04-09,1.825,1.883,1.8,1.807,310705984,sh510650
468,2015-04-10,1.807,1.849,1.767,1.842,265515392,sh510650
469,2015-04-13,1.881,1.902,1.838,1.87,199035776,sh510650
470,2015-04-14,1.859,1.878,1.829,1.856,245922224,sh510650
471,2015-04-15,1.855,1.91,1.83,1.861,264353552,sh510650
472,2015-04-16,1.86,1.922,1.84,1.92,237915232,sh510650
473,2015-04-17,1.94,1.982,1.911,1.922,196318624,sh510650
474,2015-04-20,1.925,1.939,1.835,1.836,97275608,sh510650
475,2015-04-21,1.834,1.891,1.831,1.881,152770208,sh510650
476,2015-04-22,1.892,1.954,1.888,1.947,173141632,sh510650
477,2015-04-23,1.96,1.971,1.912,1.923,124112832,sh510650
478,2015-04-24,1.9,1.9,1.84,1.87,26334596,sh510650
479,2015-04-27,1.881,1.914,1.878,1.904,202074096,sh510650
480,2015-04-28,1.9,1.987,1.89,1.921,188467504,sh510650
481,2015-04-29,1.91,1.938,1.9,1.917,62548548,sh510650
482,2015-04-30,1.924,1.937,1.877,1.89,58872224,sh510650
483,2015-05-04,1.9,1.902,1.869,1.9,68867008,sh510650
484,2015-05-05,1.9,1.9,1.808,1.828,28450780,sh510650
485,2015-05-06,1.83,1.915,1.825,1.845,205237056,sh510650
486,2015-05-07,1.843,1.86,1.83,1.835,40321396,sh510650
487,2015-05-08,1.85,1.895,1.801,1.838,26667096,sh510650
488,2015-05-11,1.85,1.873,1.816,1.869,107195336,sh510650
489,2015-05-12,1.851,1.898,1.846,1.876,119878768,sh510650
490,2015-05-13,1.876,1.886,1.835,1.847,51436560,sh510650
491,2015-05-14,1.858,1.866,1.832,1.836,59825688,sh510650
492,2015-05-15,1.811,1.835,1.785,1.791,24521252,sh510650
493,2015-05-18,1.773,1.783,1.75,1.75,18255400,sh510650
494,2015-05-19,1.75,1.846,1.747,1.831,190222640,sh510650
495,2015-05-20,1.825,1.865,1.81,1.831,139701024,sh510650
496,2015-05-21,1.83,1.841,1.813,1.83,30112266,sh510650
497,2015-05-22,1.836,1.896,1.836,1.893,188668720,sh510650
498,2015-05-25,1.895,1.953,1.891,1.935,143979376,sh510650
499,2015-05-26,1.937,1.955,1.913,1.947,75704496,sh510650
500,2015-05-27,1.948,1.965,1.921,1.931,49000880,sh510650
501,2015-05-28,1.928,1.928,1.792,1.796,94044264,sh510650
502,2015-05-29,1.78,1.822,1.751,1.788,37934904,sh510650
503,2015-06-01,1.779,1.889,1.769,1.865,209265360,sh510650
504,2015-06-02,1.86,1.875,1.835,1.857,54487056,sh510650
505,2015-06-03,1.86,1.884,1.83,1.86,144111312,sh510650
506,2015-06-04,1.865,1.95,1.817,1.925,221111904,sh510650
507,2015-06-05,1.96,1.98,1.902,1.924,18162926,sh510650
508,2015-06-08,1.915,2.037,1.905,2.031,207234800,sh510650
509,2015-06-09,2.035,2.051,1.968,1.998,61831968,sh510650
510,2015-06-10,1.953,1.999,1.944,1.971,91272048,sh510650
511,2015-06-11,1.971,1.987,1.938,1.961,81657424,sh510650
512,2015-06-12,1.97,1.985,1.949,1.968,86757744,sh510650
513,2015-06-15,1.97,1.98,1.908,1.911,12092800,sh510650
514,2015-06-16,1.905,1.942,1.869,1.89,135927648,sh510650
515,2015-06-17,1.94,1.94,1.877,1.903,51999592,sh510650
516,2015-06-18,1.908,1.908,1.817,1.818,17051700,sh510650
517,2015-06-19,1.814,1.825,1.723,1.74,29228288,sh510650
518,2015-06-23,1.728,1.8,1.686,1.793,34579092,sh510650
519,2015-06-24,1.797,1.81,1.751,1.808,51714984,sh510650
520,2015-06-25,1.825,1.85,1.743,1.772,77282400,sh510650
521,2015-06-26,1.756,1.778,1.614,1.64,97537320,sh510650
522,2015-06-29,1.655,1.709,1.508,1.621,198391760,sh510650
523,2015-06-30,1.63,1.732,1.607,1.732,202151840,sh510650
524,2015-07-01,1.728,1.731,1.655,1.674,28023722,sh510650
525,2015-07-02,1.684,1.71,1.598,1.669,153034848,sh510650
526,2015-07-03,1.668,1.703,1.532,1.603,202926992,sh510650
527,2015-07-06,1.763,1.763,1.649,1.715,129367192,sh510650
528,2015-07-07,1.698,1.789,1.611,1.781,205110960,sh510650
529,2015-07-08,1.7,1.78,1.603,1.603,47150792,sh510650
530,2015-07-09,1.593,1.763,1.49,1.738,186812672,sh510650
531,2015-07-10,1.68,1.869,1.68,1.775,185927872,sh510650
532,2015-07-13,1.76,1.795,1.681,1.728,203397104,sh510650
533,2015-07-14,1.72,1.727,1.605,1.68,175581824,sh510650
534,2015-07-15,1.678,1.711,1.644,1.691,154049552,sh510650
535,2015-07-16,1.685,1.7,1.637,1.672,46033800,sh510650
536,2015-07-17,1.672,1.735,1.641,1.7,80331784,sh510650
537,2015-07-20,1.69,1.706,1.67,1.699,47591952,sh510650
538,2015-07-21,1.665,1.689,1.659,1.669,83620096,sh510650
539,2015-07-22,1.645,1.68,1.645,1.651,55082244,sh510650
540,2015-07-23,1.651,1.684,1.642,1.668,67052544,sh510650
541,2015-07-24,1.669,1.678,1.632,1.653,27794332,sh510650
542,2015-07-27,1.645,1.645,1.51,1.51,4685206,sh510650
543,2015-07-28,1.51,1.567,1.43,1.525,124244096,sh510650
544,2015-07-29,1.496,1.539,1.489,1.539,11739611,sh510650
545,2015-07-30,1.539,1.558,1.51,1.51,20033800,sh510650
546,2015-07-31,1.51,1.51,1.47,1.477,8757100,sh510650
547,2015-08-03,1.477,1.518,1.451,1.51,2814724,sh510650
548,2015-08-04,1.51,1.546,1.496,1.53,1810301,sh510650
549,2015-08-05,1.538,1.538,1.493,1.496,1850000,sh510650
550,2015-08-06,1.496,1.505,1.48,1.491,1915700,sh510650
551,2015-08-07,1.5,1.52,1.5,1.505,5238600,sh510650
552,2015-08-10,1.501,1.57,1.5,1.559,9983117,sh510650
553,2015-08-11,1.556,1.556,1.533,1.538,499087,sh510650
554,2015-08-12,1.519,1.539,1.514,1.514,3537250,sh510650
555,2015-08-13,1.52,1.53,1.5,1.52,10837900,sh510650
556,2015-08-14,1.524,1.526,1.518,1.52,3811200,sh510650
557,2015-08-17,1.516,1.516,1.487,1.5,5437521,sh510650
558,2015-08-18,1.503,1.525,1.443,1.444,40532256,sh510650
559,2015-08-19,1.418,1.448,1.403,1.443,7388447,sh510650
560,2015-08-20,1.436,1.447,1.413,1.414,396321,sh510650
561,2015-08-21,1.415,1.415,1.36,1.361,1963700,sh510650
562,2015-08-24,1.359,1.359,1.225,1.225,26010400,sh510650
563,2015-08-25,1.225,1.241,1.111,1.111,38810900,sh510650
564,2015-08-26,1.16,1.222,1.143,1.19,25128432,sh510650
565,2015-08-27,1.214,1.309,1.207,1.302,27188900,sh510650
566,2015-08-28,1.3,1.319,1.281,1.307,101848600,sh510650
567,2015-08-31,1.301,1.331,1.259,1.327,51904064,sh510650
568,2015-09-01,1.327,1.363,1.29,1.353,42986100,sh510650
569,2015-09-02,1.353,1.369,1.309,1.368,70308160,sh510650
570,2015-09-07,1.36,1.36,1.293,1.305,432700,sh510650
571,2015-09-08,1.28,1.329,1.28,1.325,18792900,sh510650
572,2015-09-09,1.32,1.35,1.32,1.342,4206326,sh510650
573,2015-09-10,1.34,1.352,1.33,1.346,2770482,sh510650
574,2015-09-11,1.346,1.353,1.335,1.34,691400,sh510650
575,2015-09-14,1.33,1.354,1.293,1.354,4748800,sh510650
576,2015-09-15,1.35,1.35,1.318,1.333,247700,sh510650
577,2015-09-16,1.326,1.385,1.313,1.36,480000,sh510650
578,2015-09-17,1.365,1.365,1.348,1.363,305600,sh510650
579,2015-09-18,1.337,1.349,1.336,1.339,188300,sh510650
580,2015-09-21,1.335,1.399,1.3,1.389,184800,sh510650
581,2015-09-22,1.388,1.391,1.35,1.37,921200,sh510650
582,2015-09-23,1.355,1.355,1.327,1.331,299500,sh510650
583,2015-09-24,1.33,1.34,1.325,1.334,178200,sh510650
584,2015-09-25,1.33,1.334,1.314,1.334,2253500,sh510650
585,2015-09-28,1.334,1.334,1.322,1.327,73900,sh510650
586,2015-09-29,1.325,1.325,1.299,1.304,102500,sh510650
587,2015-09-30,1.305,1.331,1.305,1.32,232800,sh510650
588,2015-10-08,1.35,1.369,1.34,1.343,439200,sh510650
589,2015-10-09,1.343,1.366,1.343,1.361,1689800,sh510650
590,2015-10-12,1.364,1.416,1.364,1.4,4488900,sh510650
591,2015-10-13,1.398,1.398,1.384,1.388,238600,sh510650
592,2015-10-14,1.385,1.389,1.377,1.377,337000,sh510650
593,2015-10-15,1.385,1.399,1.373,1.399,378200,sh510650
594,2015-10-16,1.4,1.424,1.4,1.414,1024200,sh510650
595,2015-10-19,1.41,1.435,1.41,1.42,257500,sh510650
596,2015-10-20,1.417,1.42,1.407,1.418,340300,sh510650
597,2015-10-21,1.415,1.444,1.391,1.406,2563500,sh510650
598,2015-10-22,1.406,1.417,1.406,1.415,855700,sh510650
599,2015-10-23,1.418,1.431,1.413,1.431,1125400,sh510650
600,2015-10-26,1.431,1.459,1.431,1.433,661900,sh510650
601,2015-10-27,1.433,1.434,1.414,1.433,172700,sh510650
602,2015-10-28,1.43,1.434,1.376,1.411,188900,sh510650
603,2015-10-29,1.409,1.412,1.405,1.408,176600,sh510650
604,2015-10-30,1.407,1.429,1.405,1.42,94700,sh510650
605,2015-11-02,1.416,1.418,1.4,1.4,205162,sh510650
606,2015-11-03,1.399,1.405,1.393,1.393,52200,sh510650
607,2015-11-04,1.398,1.468,1.398,1.467,1692135,sh510650
608,2015-11-05,1.463,1.555,1.463,1.51,2526000,sh510650
609,2015-11-06,1.508,1.56,1.499,1.558,2983000,sh510650
610,2015-11-09,1.551,1.636,1.551,1.58,1551500,sh510650
611,2015-11-10,1.58,1.607,1.554,1.573,928700,sh510650
612,2015-11-11,1.57,1.57,1.54,1.56,357600,sh510650
613,2015-11-12,1.566,1.566,1.536,1.542,381000,sh510650
614,2015-11-13,1.534,1.548,1.53,1.531,387400,sh510650
615,2015-11-16,1.52,1.528,1.512,1.526,263000,sh510650
616,2015-11-17,1.529,1.6,1.529,1.534,1319300,sh510650
617,2015-11-18,1.529,1.55,1.52,1.526,698800,sh510650
618,2015-11-19,1.527,1.545,1.527,1.545,122500,sh510650
619,2015-11-20,1.548,1.552,1.535,1.54,1098600,sh510650
620,2015-11-23,1.529,1.55,1.529,1.533,277400,sh510650
621,2015-11-24,1.528,1.535,1.52,1.535,79500,sh510650
622,2015-11-25,1.526,1.542,1.52,1.531,116004,sh510650
623,2015-11-26,1.538,1.553,1.533,1.533,224500,sh510650
624,2015-11-27,1.517,1.522,1.455,1.465,473779,sh510650
625,2015-11-30,1.454,1.473,1.44,1.471,666550,sh510650
626,2015-12-01,1.468,1.487,1.453,1.467,509700,sh510650
627,2015-12-02,1.468,1.589,1.468,1.585,2314800,sh510650
628,2015-12-03,1.56,1.582,1.541,1.568,1475700,sh510650
629,2015-12-04,1.557,1.557,1.51,1.511,542700,sh510650
630,2015-12-07,1.511,1.514,1.5,1.508,119500,sh510650
631,2015-12-08,1.5,1.512,1.49,1.499,292810,sh510650
632,2015-12-09,1.497,1.503,1.492,1.501,96100,sh510650
633,2015-12-10,1.501,1.529,1.492,1.494,146000,sh510650
634,2015-12-11,1.487,1.494,1.477,1.487,112700,sh510650
635,2015-12-14,1.489,1.547,1.479,1.54,812630,sh510650
636,2015-12-15,1.543,1.543,1.518,1.52,148078,sh510650
637,2015-12-16,1.52,1.528,1.515,1.516,71600,sh510650
638,2015-12-17,1.518,1.547,1.518,1.533,490900,sh510650
639,2015-12-18,1.536,1.599,1.532,1.545,1379253,sh510650
640,2015-12-21,1.539,1.605,1.539,1.593,825335,sh510650
641,2015-12-22,1.594,1.594,1.58,1.594,243100,sh510650
642,2015-12-23,1.596,1.64,1.596,1.608,2168687,sh510650
643,2015-12-24,1.602,1.605,1.58,1.589,204701,sh510650
644,2015-12-25,1.59,1.6,1.586,1.593,136600,sh510650
645,2015-12-28,1.597,1.598,1.543,1.543,467800,sh510650
646,2015-12-29,1.542,1.558,1.542,1.556,151544,sh510650
647,2015-12-30,1.556,1.556,1.534,1.554,1215550,sh510650
648,2015-12-31,1.554,1.557,1.544,1.549,56700,sh510650
649,2016-01-04,1.548,1.548,1.46,1.46,446600,sh510650
650,2016-01-05,1.46,1.485,1.438,1.472,816300,sh510650
651,2016-01-06,1.471,1.484,1.46,1.481,2109800,sh510650
652,2016-01-07,1.483,1.483,1.47,1.47,5100,sh510650
653,2016-01-08,1.416,1.609,1.413,1.429,2490300,sh510650
654,2016-01-11,1.428,1.428,1.365,1.366,784800,sh510650
655,2016-01-12,1.363,1.381,1.363,1.368,195200,sh510650
656,2016-01-13,1.372,1.385,1.357,1.357,2676900,sh510650
657,2016-01-14,1.357,1.374,1.331,1.371,768700,sh510650
658,2016-01-15,1.37,1.37,1.33,1.336,896900,sh510650
659,2016-01-18,1.336,1.346,1.326,1.335,121400,sh510650
660,2016-01-19,1.335,1.366,1.328,1.362,1591219,sh510650
661,2016-01-20,1.362,1.362,1.33,1.338,1326302,sh510650
662,2016-01-21,1.336,1.356,1.315,1.315,5616500,sh510650
663,2016-01-22,1.31,1.323,1.304,1.321,934417,sh510650
664,2016-01-25,1.319,1.325,1.315,1.316,57417,sh510650
665,2016-01-26,1.322,1.322,1.252,1.253,546600,sh510650
666,2016-01-27,1.258,1.268,1.24,1.255,644000,sh510650
667,2016-01-28,1.256,1.265,1.231,1.239,160300,sh510650
668,2016-01-29,1.242,1.286,1.242,1.276,723100,sh510650
669,2016-02-01,1.276,1.276,1.249,1.249,53400,sh510650
670,2016-02-02,1.261,1.28,1.261,1.273,1602596,sh510650
671,2016-02-03,1.273,1.273,1.257,1.263,176900,sh510650
672,2016-02-04,1.275,1.284,1.272,1.274,2842500,sh510650
673,2016-02-05,1.278,1.278,1.272,1.276,17200,sh510650
674,2016-02-15,1.273,1.273,1.242,1.264,813600,sh510650
675,2016-02-16,1.29,1.295,1.29,1.295,165000,sh510650
676,2016-02-17,1.294,1.302,1.29,1.296,584100,sh510650
677,2016-02-18,1.298,1.312,1.297,1.297,49800,sh510650
678,2016-02-19,1.295,1.297,1.287,1.287,606400,sh510650
679,2016-02-22,1.305,1.333,1.298,1.325,699600,sh510650
680,2016-02-23,1.323,1.323,1.298,1.307,165100,sh510650
681,2016-02-24,1.305,1.309,1.295,1.309,678200,sh510650
682,2016-02-25,1.309,1.309,1.246,1.255,1423200,sh510650
683,2016-02-26,1.253,1.269,1.252,1.265,1241600,sh510650
684,2016-02-29,1.254,1.261,1.226,1.255,2038100,sh510650
685,2016-03-01,1.257,1.287,1.251,1.276,1840900,sh510650
686,2016-03-02,1.279,1.316,1.279,1.315,1230249,sh510650
687,2016-03-03,1.316,1.322,1.311,1.32,226549,sh510650
688,2016-03-04,1.322,1.37,1.317,1.366,1800100,sh510650
689,2016-03-07,1.369,1.369,1.354,1.356,445900,sh510650
690,2016-03-08,1.345,1.363,1.315,1.363,282000,sh510650
691,2016-03-09,1.362,1.366,1.33,1.366,750769,sh510650
692,2016-03-10,1.366,1.366,1.333,1.335,224900,sh510650
693,2016-03-11,1.328,1.332,1.314,1.327,166700,sh510650
694,2016-03-14,1.349,1.365,1.338,1.339,268400,sh510650
695,2016-03-15,1.339,1.35,1.325,1.35,217600,sh510650
696,2016-03-16,1.35,1.38,1.35,1.374,4873600,sh510650
697,2016-03-17,1.379,1.39,1.368,1.372,481893,sh510650
698,2016-03-18,1.375,1.397,1.373,1.38,616310,sh510650
699,2016-03-21,1.396,1.441,1.396,1.423,3374324,sh510650
700,2016-03-22,1.423,1.427,1.405,1.407,1158570,sh510650
701,2016-03-23,1.404,1.415,1.395,1.414,7281900,sh510650
702,2016-03-24,1.4,1.4,1.381,1.385,4714000,sh510650
703,2016-03-25,1.381,1.394,1.381,1.394,5121600,sh510650
704,2016-03-28,1.394,1.397,1.363,1.368,463300,sh510650
705,2016-03-29,1.366,1.378,1.355,1.362,16167400,sh510650
706,2016-03-30,1.362,1.396,1.362,1.396,8222200,sh510650
707,2016-03-31,1.396,1.408,1.387,1.396,3132700,sh510650
708,2016-04-01,1.394,1.398,1.37,1.396,3755300,sh510650
709,2016-04-05,1.397,1.408,1.385,1.405,361737,sh510650
710,2016-04-06,1.405,1.405,1.391,1.394,2097486,sh510650
711,2016-04-07,1.398,1.398,1.378,1.378,207300,sh510650
712,2016-04-08,1.375,1.375,1.363,1.365,79707,sh510650
713,2016-04-11,1.366,1.396,1.366,1.385,52500,sh510650
714,2016-04-12,1.385,1.385,1.379,1.384,11500,sh510650
715,2016-04-13,1.381,1.416,1.381,1.402,129400,sh510650
716,2016-04-14,1.403,1.413,1.402,1.403,286700,sh510650
717,2016-04-15,1.405,1.415,1.405,1.408,112500,sh510650
718,2016-04-18,1.409,1.409,1.392,1.401,128500,sh510650
719,2016-04-19,1.399,1.41,1.394,1.398,2090328,sh510650
720,2016-04-20,1.398,1.399,1.364,1.397,662793,sh510650
721,2016-04-21,1.401,1.416,1.385,1.406,1096100,sh510650
722,2016-04-22,1.404,1.411,1.403,1.406,277900,sh510650
723,2016-04-25,1.408,1.408,1.394,1.4,94000,sh510650
724,2016-04-26,1.407,1.407,1.4,1.406,17700,sh510650
725,2016-04-27,1.408,1.408,1.4,1.4,84100,sh510650
726,2016-04-28,1.403,1.403,1.392,1.397,73010,sh510650
727,2016-04-29,1.396,1.397,1.391,1.395,175700,sh510650
728,2016-05-03,1.388,1.409,1.388,1.402,427900,sh510650
729,2016-05-04,1.398,1.4,1.397,1.398,24900,sh510650
730,2016-05-05,1.393,1.402,1.393,1.4,3254800,sh510650
731,2016-05-06,1.395,1.396,1.368,1.368,5788600,sh510650
732,2016-05-09,1.369,1.369,1.348,1.353,403100,sh510650
733,2016-05-10,1.354,1.354,1.345,1.345,23100,sh510650
734,2016-05-11,1.35,1.354,1.344,1.347,3457933,sh510650
735,2016-05-12,1.347,1.358,1.343,1.357,1964500,sh510650
736,2016-05-13,1.355,1.357,1.35,1.354,4434500,sh510650
737,2016-05-16,1.351,1.354,1.349,1.354,375400,sh510650
738,2016-05-17,1.35,1.356,1.35,1.354,16300,sh510650
739,2016-05-18,1.344,1.364,1.341,1.362,717074,sh510650
740,2016-05-19,1.357,1.363,1.355,1.356,42900,sh510650
741,2016-05-20,1.354,1.358,1.354,1.358,51700,sh510650
742,2016-05-23,1.364,1.368,1.359,1.359,112200,sh510650
743,2016-05-24,1.351,1.351,1.349,1.349,153200,sh510650
744,2016-05-25,1.361,1.361,1.354,1.354,3200,sh510650
745,2016-05-26,1.361,1.361,1.349,1.354,2510200,sh510650
746,2016-05-27,1.355,1.356,1.353,1.356,47679,sh510650
747,2016-05-30,1.356,1.365,1.356,1.363,1003300,sh510650
748,2016-05-31,1.381,1.499,1.381,1.407,5678184,sh510650
749,2016-06-01,1.407,1.412,1.395,1.395,305300,sh510650
750,2016-06-02,1.41,1.41,1.391,1.393,1129900,sh510650
751,2016-06-03,1.394,1.402,1.391,1.398,3287600,sh510650
752,2016-06-06,1.397,1.397,1.388,1.393,48100,sh510650
753,2016-06-07,1.395,1.398,1.391,1.392,1533600,sh510650
754,2016-06-08,1.391,1.398,1.388,1.39,809900,sh510650
755,2016-06-13,1.391,1.391,1.37,1.37,130195,sh510650
756,2016-06-14,1.358,1.37,1.358,1.366,94160,sh510650
757,2016-06-15,1.375,1.376,1.371,1.376,61600,sh510650
758,2016-06-16,1.376,1.376,1.367,1.371,38900,sh510650
759,2016-06-17,1.371,1.385,1.371,1.371,39247,sh510650
760,2016-06-20,1.373,1.373,1.373,1.373,72739,sh510650
761,2016-06-21,1.39,1.39,1.377,1.377,183100,sh510650
762,2016-06-22,1.375,1.382,1.375,1.38,10013000,sh510650
763,2016-06-23,1.38,1.38,1.376,1.376,244300,sh510650
764,2016-06-24,1.389,1.389,1.346,1.366,574600,sh510650
765,2016-06-27,1.371,1.371,1.366,1.371,16000,sh510650
766,2016-06-28,1.371,1.378,1.365,1.377,299900,sh510650
767,2016-06-29,1.374,1.388,1.374,1.381,837900,sh510650
768,2016-06-30,1.388,1.391,1.388,1.39,12000,sh510650
769,2016-07-01,1.395,1.397,1.393,1.396,505100,sh510650
770,2016-07-04,1.4,1.419,1.4,1.416,1034000,sh510650
771,2016-07-05,1.412,1.416,1.409,1.409,30900,sh510650
772,2016-07-06,1.4,1.406,1.4,1.406,8100,sh510650
773,2016-07-07,1.41,1.41,1.399,1.41,69000,sh510650
774,2016-07-08,1.41,1.41,1.401,1.401,105000,sh510650
775,2016-07-11,1.404,1.414,1.403,1.407,228900,sh510650
776,2016-07-12,1.413,1.425,1.403,1.425,607300,sh510650
777,2016-07-13,1.438,1.455,1.43,1.43,645100,sh510650
778,2016-07-14,1.433,1.436,1.431,1.431,10100,sh510650
779,2016-07-15,1.432,1.432,1.432,1.432,900,sh510650
780,2016-07-18,1.445,1.445,1.433,1.438,24300,sh510650
781,2016-07-19,1.437,1.437,1.421,1.433,108900,sh510650
782,2016-07-20,1.422,1.422,1.421,1.421,5700,sh510650
783,2016-07-21,1.427,1.431,1.427,1.427,59892,sh510650
784,2016-07-22,1.42,1.421,1.418,1.421,241200,sh510650
785,2016-07-25,1.416,1.425,1.416,1.419,22700,sh510650
786,2016-07-26,1.42,1.429,1.419,1.429,13900,sh510650
787,2016-07-27,1.427,1.427,1.4,1.421,511500,sh510650
788,2016-07-28,1.421,1.421,1.408,1.414,22700,sh510650
789,2016-07-29,1.407,1.415,1.407,1.409,6300,sh510650
790,2016-08-01,1.409,1.411,1.402,1.411,412300,sh510650
791,2016-08-02,1.406,1.409,1.404,1.404,128367,sh510650
792,2016-08-03,1.402,1.403,1.402,1.403,26900,sh510650
793,2016-08-04,1.403,1.403,1.4,1.402,19800,sh510650
794,2016-08-05,1.409,1.415,1.409,1.415,3400,sh510650
795,2016-08-08,1.413,1.418,1.409,1.417,15400,sh510650
796,2016-08-09,1.413,1.417,1.413,1.417,4800,sh510650
797,2016-08-10,1.421,1.425,1.421,1.421,22100,sh510650
798,2016-08-11,1.431,1.455,1.431,1.435,117100,sh510650
799,2016-08-12,1.437,1.463,1.437,1.459,3394200,sh510650
800,2016-08-15,1.463,1.585,1.463,1.522,1454100,sh510650
801,2016-08-16,1.517,1.518,1.489,1.497,601200,sh510650
802,2016-08-17,1.492,1.501,1.482,1.49,26000,sh510650
803,2016-08-18,1.49,1.496,1.477,1.48,111600,sh510650
804,2016-08-19,1.476,1.49,1.476,1.489,70700,sh510650
805,2016-08-22,1.482,1.485,1.477,1.482,4000,sh510650
806,2016-08-23,1.485,1.495,1.481,1.481,63000,sh510650
807,2016-08-24,1.484,1.484,1.47,1.471,15700,sh510650
808,2016-08-25,1.466,1.47,1.457,1.466,82300,sh510650
809,2016-08-26,1.472,1.472,1.471,1.472,28000,sh510650
810,2016-08-29,1.459,1.467,1.457,1.463,307900,sh510650
811,2016-08-30,1.472,1.472,1.472,1.472,70400,sh510650
812,2016-08-31,1.471,1.483,1.471,1.483,78000,sh510650
813,2016-09-01,1.472,1.483,1.472,1.475,53400,sh510650
814,2016-09-02,1.477,1.482,1.472,1.48,1615200,sh510650
815,2016-09-05,1.496,1.496,1.477,1.481,1312100,sh510650
816,2016-09-06,1.475,1.488,1.474,1.478,14700,sh510650
817,2016-09-07,1.473,1.493,1.473,1.488,332100,sh510650
818,2016-09-08,1.486,1.486,1.482,1.486,80600,sh510650
819,2016-09-09,1.484,1.486,1.479,1.482,176400,sh510650
820,2016-09-12,1.48,1.48,1.448,1.463,741200,sh510650
821,2016-09-13,1.464,1.464,1.453,1.453,151800,sh510650
822,2016-09-14,1.45,1.45,1.444,1.444,35600,sh510650
823,2016-09-19,1.447,1.457,1.447,1.457,197400,sh510650
824,2016-09-20,1.455,1.455,1.455,1.455,200000,sh510650
825,2016-09-21,1.454,1.461,1.454,1.459,625457,sh510650
826,2016-09-22,1.462,1.473,1.462,1.468,79200,sh510650
827,2016-09-26,1.459,1.459,1.454,1.454,3700,sh510650
828,2016-09-27,1.454,1.454,1.449,1.454,30100,sh510650
829,2016-09-28,1.45,1.452,1.449,1.45,2600,sh510650
830,2016-09-29,1.45,1.456,1.45,1.456,11800,sh510650
831,2016-09-30,1.455,1.456,1.453,1.456,12900,sh510650
832,2016-10-10,1.46,1.464,1.452,1.463,639374,sh510650
833,2016-10-11,1.467,1.468,1.463,1.468,518700,sh510650
834,2016-10-12,1.464,1.464,1.461,1.461,22200,sh510650
835,2016-10-13,1.463,1.463,1.457,1.461,38000,sh510650
836,2016-10-14,1.457,1.457,1.457,1.457,2000,sh510650
837,2016-10-17,1.451,1.455,1.451,1.455,2100,sh510650
838,2016-10-18,1.448,1.462,1.448,1.462,514500,sh510650
839,2016-10-19,1.463,1.464,1.457,1.457,23100,sh510650
840,2016-10-20,1.46,1.46,1.456,1.456,11300,sh510650
841,2016-10-21,1.46,1.464,1.46,1.462,1104000,sh510650
842,2016-10-24,1.46,1.488,1.46,1.479,252308,sh510650
843,2016-10-25,1.473,1.473,1.473,1.473,800,sh510650
844,2016-10-26,1.47,1.47,1.47,1.47,70348,sh510650
845,2016-10-27,1.466,1.466,1.466,1.466,200,sh510650
846,2016-10-28,1.479,1.479,1.469,1.469,1023122,sh510650
847,2016-10-31,1.476,1.476,1.461,1.472,338928,sh510650
848,2016-11-01,1.473,1.475,1.473,1.475,36200,sh510650
849,2016-11-02,1.47,1.479,1.469,1.469,521200,sh510650
850,2016-11-03,1.473,1.488,1.473,1.488,543500,sh510650
851,2016-11-04,1.479,1.488,1.478,1.478,46700,sh510650
852,2016-11-07,1.481,1.482,1.478,1.478,513300,sh510650
853,2016-11-08,1.481,1.488,1.481,1.483,362177,sh510650
854,2016-11-09,1.485,1.485,1.465,1.473,111000,sh510650
855,2016-11-10,1.482,1.493,1.482,1.488,70000,sh510650
856,2016-11-11,1.491,1.504,1.491,1.5,581200,sh510650
857,2016-11-14,1.495,1.51,1.494,1.507,140200,sh510650
858,2016-11-15,1.499,1.499,1.498,1.499,22100,sh510650
859,2016-11-16,1.503,1.503,1.496,1.501,104000,sh510650
860,2016-11-17,1.494,1.5,1.494,1.5,1500,sh510650
861,2016-11-18,1.494,1.499,1.494,1.494,144600,sh510650
862,2016-11-21,1.51,1.518,1.51,1.513,68300,sh510650
863,2016-11-22,1.514,1.525,1.514,1.524,260730,sh510650
864,2016-11-23,1.523,1.55,1.523,1.533,1847630,sh510650
865,2016-11-24,1.529,1.543,1.527,1.538,207684,sh510650
866,2016-11-25,1.542,1.55,1.528,1.55,1277384,sh510650
867,2016-11-28,1.548,1.565,1.54,1.54,214100,sh510650
868,2016-11-29,1.543,1.55,1.537,1.55,94704,sh510650
869,2016-11-30,1.55,1.55,1.537,1.539,41800,sh510650
870,2016-12-01,1.539,1.555,1.536,1.541,147300,sh510650
871,2016-12-02,1.541,1.542,1.525,1.534,100900,sh510650
872,2016-12-05,1.525,1.529,1.517,1.518,74900,sh510650
873,2016-12-06,1.524,1.525,1.524,1.525,14800,sh510650
874,2016-12-07,1.521,1.521,1.513,1.518,36088,sh510650
875,2016-12-08,1.521,1.528,1.52,1.528,18500,sh510650
876,2016-12-09,1.539,1.553,1.539,1.548,610800,sh510650
877,2016-12-12,1.555,1.563,1.53,1.552,1050676,sh510650
878,2016-12-13,1.536,1.536,1.528,1.528,6900,sh510650
879,2016-12-14,1.538,1.544,1.528,1.528,1039534,sh510650
880,2016-12-15,1.529,1.529,1.491,1.491,100100,sh510650
881,2016-12-16,1.487,1.496,1.486,1.488,24000,sh510650
882,2016-12-19,1.475,1.481,1.475,1.475,7100,sh510650
883,2016-12-20,1.47,1.47,1.459,1.459,30400,sh510650
884,2016-12-21,1.468,1.468,1.465,1.468,7300,sh510650
885,2016-12-22,1.464,1.464,1.46,1.46,2100,sh510650
886,2016-12-23,1.453,1.454,1.452,1.452,4500,sh510650
887,2016-12-26,1.446,1.462,1.445,1.462,7500,sh510650
888,2016-12-27,1.46,1.462,1.457,1.457,4000,sh510650
889,2016-12-28,1.453,1.453,1.446,1.446,27488,sh510650
890,2016-12-29,1.44,1.447,1.44,1.446,8000,sh510650
891,2016-12-30,1.448,1.453,1.445,1.45,22300,sh510650
892,2017-01-03,1.469,1.474,1.465,1.474,4900,sh510650
893,2017-01-04,1.472,1.475,1.468,1.475,400,sh510650
894,2017-01-05,1.473,1.48,1.473,1.478,2800,sh510650
895,2017-01-09,1.463,1.465,1.463,1.465,900,sh510650
896,2017-01-11,1.461,1.467,1.46,1.46,31000,sh510650
897,2017-01-12,1.462,1.462,1.461,1.461,1700,sh510650
898,2017-01-16,1.47,1.495,1.465,1.488,3082131,sh510650
899,2017-01-17,1.49,1.49,1.48,1.48,43791,sh510650
900,2017-01-18,1.487,1.49,1.487,1.489,50200,sh510650
901,2017-01-19,1.49,1.495,1.49,1.49,2018200,sh510650
902,2017-01-20,1.491,1.501,1.491,1.501,3600,sh510650
903,2017-01-23,1.501,1.501,1.491,1.491,6300,sh510650
904,2017-01-24,1.493,1.493,1.492,1.492,300,sh510650
905,2017-01-25,1.493,1.493,1.493,1.493,900,sh510650
906,2017-01-26,1.508,1.512,1.506,1.511,37000,sh510650
907,2017-02-03,1.506,1.506,1.493,1.493,7600,sh510650
908,2017-02-06,1.494,1.494,1.487,1.494,50200,sh510650
909,2017-02-07,1.489,1.495,1.484,1.484,14200,sh510650
910,2017-02-08,1.485,1.494,1.478,1.494,170100,sh510650
911,2017-02-09,1.5,1.506,1.495,1.495,32400,sh510650
912,2017-02-10,1.5,1.501,1.497,1.501,99200,sh510650
913,2017-02-13,1.506,1.514,1.505,1.505,165000,sh510650
914,2017-02-14,1.509,1.509,1.5,1.5,113000,sh510650
915,2017-02-15,1.511,1.519,1.511,1.515,520400,sh510650
916,2017-02-16,1.655,1.655,1.509,1.515,41500,sh510650
917,2017-02-17,1.51,1.514,1.51,1.511,21720,sh510650
918,2017-02-20,1.507,1.528,1.507,1.521,158900,sh510650
919,2017-02-21,1.525,1.533,1.523,1.523,90100,sh510650
920,2017-02-22,1.529,1.529,1.529,1.529,1200,sh510650
921,2017-02-23,1.515,1.522,1.515,1.522,39514,sh510650
922,2017-02-24,1.516,1.516,1.512,1.512,9200,sh510650
923,2017-02-27,1.511,1.511,1.509,1.509,2300,sh510650
924,2017-02-28,1.5,1.515,1.5,1.504,28800,sh510650
925,2017-03-01,1.521,1.521,1.508,1.508,1700,sh510650
926,2017-03-02,1.509,1.509,1.5,1.5,74900,sh510650
927,2017-03-03,1.486,1.493,1.486,1.493,4200,sh510650
928,2017-03-06,1.495,1.496,1.488,1.49,58400,sh510650
929,2017-03-07,1.494,1.494,1.488,1.494,318900,sh510650
930,2017-03-08,1.492,1.496,1.49,1.491,208300,sh510650
931,2017-03-09,1.49,1.49,1.481,1.484,107500,sh510650
932,2017-03-10,1.486,1.486,1.48,1.48,5500,sh510650
933,2017-03-13,1.48,1.496,1.48,1.495,550600,sh510650
934,2017-03-14,1.511,1.511,1.493,1.496,1261800,sh510650
935,2017-03-15,1.489,1.49,1.488,1.488,158700,sh510650
936,2017-03-16,1.5,1.5,1.498,1.5,122700,sh510650
937,2017-03-17,1.506,1.506,1.485,1.486,13500,sh510650
938,2017-03-20,1.484,1.485,1.475,1.475,58800,sh510650
939,2017-03-21,1.481,1.481,1.472,1.477,7000,sh510650
940,2017-03-22,1.467,1.469,1.453,1.46,360900,sh510650
941,2017-03-23,1.464,1.474,1.462,1.462,113400,sh510650
942,2017-03-24,1.46,1.475,1.46,1.465,33260,sh510650
943,2017-03-27,1.47,1.487,1.47,1.475,44150,sh510650
944,2017-03-28,1.474,1.474,1.47,1.471,7000,sh510650
945,2017-03-29,1.472,1.475,1.466,1.466,89175,sh510650
946,2017-03-30,1.467,1.467,1.46,1.467,19600,sh510650
947,2017-03-31,1.467,1.473,1.467,1.472,3800,sh510650
948,2017-04-05,1.478,1.487,1.478,1.487,20500,sh510650
949,2017-04-06,1.487,1.489,1.481,1.489,6300,sh510650
950,2017-04-07,1.481,1.488,1.481,1.488,2026246,sh510650
951,2017-04-10,1.48,1.487,1.48,1.484,1019700,sh510650
952,2017-04-11,1.481,1.481,1.465,1.474,97000,sh510650
953,2017-04-12,1.485,1.485,1.475,1.479,54900,sh510650
954,2017-04-13,1.47,1.476,1.469,1.469,24700,sh510650
955,2017-04-14,1.46,1.46,1.459,1.459,4700,sh510650
956,2017-04-17,1.457,1.474,1.449,1.474,138200,sh510650
957,2017-04-18,1.457,1.457,1.449,1.45,23200,sh510650
958,2017-04-19,1.445,1.445,1.43,1.431,31004,sh510650
959,2017-04-20,1.432,1.432,1.426,1.426,59200,sh510650
960,2017-04-21,1.435,1.44,1.435,1.435,51900,sh510650
961,2017-04-24,1.44,1.442,1.439,1.441,358700,sh510650
962,2017-04-25,1.445,1.451,1.445,1.449,33800,sh510650
963,2017-04-26,1.443,1.456,1.443,1.453,9700,sh510650
964,2017-04-27,1.451,1.456,1.448,1.455,10140,sh510650
965,2017-04-28,1.456,1.456,1.456,1.456,2800,sh510650
966,2017-05-02,1.456,1.456,1.405,1.448,254200,sh510650
967,2017-05-03,1.445,1.448,1.445,1.448,4100,sh510650
968,2017-05-04,1.439,1.446,1.439,1.44,35600,sh510650
969,2017-05-05,1.445,1.445,1.425,1.434,20400,sh510650
970,2017-05-08,1.433,1.435,1.43,1.435,8600,sh510650
971,2017-05-09,1.437,1.442,1.437,1.438,13700,sh510650
972,2017-05-10,1.443,1.457,1.443,1.457,11704,sh510650
973,2017-05-11,1.454,1.46,1.454,1.46,4000,sh510650
974,2017-05-12,1.47,1.489,1.47,1.488,72900,sh510650
975,2017-05-15,1.49,1.503,1.49,1.499,61100,sh510650
976,2017-05-16,1.49,1.49,1.482,1.488,1713100,sh510650
977,2017-05-17,1.484,1.484,1.476,1.478,114900,sh510650
978,2017-05-18,1.48,1.48,1.474,1.474,64200,sh510650
979,2017-05-19,1.473,1.478,1.472,1.478,24800,sh510650
980,2017-05-22,1.485,1.488,1.483,1.485,25791,sh510650
981,2017-05-23,1.488,1.519,1.488,1.508,158380,sh510650
982,2017-05-24,1.51,1.52,1.493,1.493,77600,sh510650
983,2017-05-25,1.52,1.572,1.52,1.568,571267,sh510650
984,2017-05-26,1.57,1.582,1.554,1.554,380508,sh510650
985,2017-05-31,1.555,1.583,1.555,1.565,118300,sh510650
986,2017-06-01,1.566,1.58,1.56,1.58,161208,sh510650
987,2017-06-02,1.582,1.585,1.561,1.561,43400,sh510650
988,2017-06-05,1.548,1.548,1.536,1.542,278223,sh510650
989,2017-06-06,1.552,1.553,1.545,1.55,1082500,sh510650
990,2017-06-07,1.56,1.573,1.559,1.573,15900,sh510650
991,2017-06-08,1.568,1.583,1.566,1.577,52350,sh510650
992,2017-06-09,1.584,1.605,1.584,1.59,1064428,sh510650
993,2017-06-12,1.593,1.605,1.584,1.591,82940,sh510650
994,2017-06-13,1.575,1.586,1.575,1.578,12007,sh510650
995,2017-06-14,1.569,1.577,1.559,1.564,121200,sh510650
996,2017-06-15,1.559,1.56,1.55,1.554,75400,sh510650
997,2017-06-16,1.557,1.564,1.557,1.564,534100,sh510650
998,2017-06-19,1.564,1.571,1.564,1.571,49900,sh510650
999,2017-06-20,1.596,1.596,1.564,1.575,37600,sh510650
1000,2017-06-21,1.575,1.587,1.57,1.583,4700,sh510650
1001,2017-06-22,1.583,1.624,1.583,1.599,146543,sh510650
1002,2017-06-23,1.595,1.614,1.593,1.608,609200,sh510650
1003,2017-06-26,1.608,1.632,1.608,1.62,181724,sh510650
1004,2017-06-27,1.614,1.621,1.611,1.621,582400,sh510650
1005,2017-06-28,1.622,1.632,1.622,1.627,640301,sh510650
1006,2017-06-29,1.618,1.633,1.618,1.629,61800,sh510650
1007,2017-06-30,1.631,1.631,1.624,1.627,520100,sh510650
1008,2017-07-03,1.627,1.627,1.612,1.618,20000,sh510650
1009,2017-07-04,1.609,1.609,1.601,1.603,334000,sh510650
1010,2017-07-05,1.616,1.634,1.614,1.626,523900,sh510650
1011,2017-07-06,1.627,1.643,1.627,1.643,67969,sh510650
1012,2017-07-07,1.635,1.638,1.626,1.638,19188,sh510650
1013,2017-07-10,1.649,1.649,1.635,1.642,53358,sh510650
1014,2017-07-11,1.65,1.676,1.641,1.658,360500,sh510650
1015,2017-07-12,1.665,1.686,1.66,1.663,297008,sh510650
1016,2017-07-13,1.681,1.692,1.672,1.688,713000,sh510650
1017,2017-07-14,1.703,1.714,1.694,1.712,748200,sh510650
1018,2017-07-17,1.72,1.76,1.7,1.733,408108,sh510650
1019,2017-07-18,1.73,1.73,1.701,1.716,251700,sh510650
1020,2017-07-19,1.711,1.756,1.71,1.756,105900,sh510650
1021,2017-07-20,1.747,1.75,1.725,1.743,91600,sh510650
1022,2017-07-21,1.74,1.74,1.72,1.723,197200,sh510650
1023,2017-07-24,1.726,1.74,1.726,1.74,43000,sh510650
1024,2017-07-25,1.754,1.754,1.734,1.742,68100,sh510650
1025,2017-07-26,1.734,1.746,1.721,1.724,13700,sh510650
1026,2017-07-27,1.718,1.724,1.712,1.723,57875,sh510650
1027,2017-07-28,1.725,1.725,1.717,1.717,25000,sh510650
1028,2017-07-31,1.728,1.728,1.722,1.722,504200,sh510650
1029,2017-08-01,1.72,1.751,1.72,1.751,1115058,sh510650
1030,2017-08-02,1.755,1.775,1.755,1.766,246394,sh510650
1031,2017-08-03,1.762,1.767,1.742,1.742,57500,sh510650
1032,2017-08-04,1.728,1.742,1.722,1.728,1113800,sh510650
1033,2017-08-07,1.72,1.72,1.714,1.72,25909,sh510650
1034,2017-08-08,1.715,1.726,1.715,1.716,18000,sh510650
1035,2017-08-09,1.715,1.715,1.705,1.705,6700,sh510650
1036,2017-08-10,1.695,1.703,1.677,1.687,47000,sh510650
1037,2017-08-11,1.68,1.681,1.659,1.66,93500,sh510650
1038,2017-08-14,1.659,1.672,1.659,1.672,17800,sh510650
1039,2017-08-15,1.689,1.694,1.679,1.679,18200,sh510650
1040,2017-08-16,1.678,1.682,1.678,1.682,3300,sh510650
1041,2017-08-17,1.686,1.689,1.679,1.679,22600,sh510650
1042,2017-08-18,1.679,1.699,1.679,1.699,22800,sh510650
1043,2017-08-21,1.699,1.702,1.687,1.689,12700,sh510650
1044,2017-08-22,1.689,1.712,1.689,1.705,127414,sh510650
1045,2017-08-23,1.715,1.741,1.715,1.74,121200,sh510650
1046,2017-08-24,1.74,1.742,1.735,1.735,28700,sh510650
1047,2017-08-25,1.74,1.77,1.74,1.77,729500,sh510650
1048,2017-08-28,1.774,1.827,1.774,1.803,353000,sh510650
1049,2017-08-29,1.8,1.803,1.792,1.8,164300,sh510650
1050,2017-08-30,1.82,1.82,1.795,1.796,120700,sh510650
1051,2017-08-31,1.777,1.795,1.773,1.782,26500,sh510650
1052,2017-09-01,1.784,1.797,1.772,1.781,46200,sh510650
1053,2017-09-04,1.775,1.782,1.761,1.775,171100,sh510650
1054,2017-09-05,1.778,1.805,1.778,1.8,110900,sh510650
1055,2017-09-06,1.786,1.794,1.785,1.787,7500,sh510650
1056,2017-09-07,1.785,1.785,1.776,1.776,17259,sh510650
1057,2017-09-08,1.771,1.83,1.766,1.83,59300,sh510650
1058,2017-09-11,1.82,1.82,1.761,1.761,595700,sh510650
1059,2017-09-12,1.76,1.773,1.755,1.765,640200,sh510650
1060,2017-09-13,1.764,1.764,1.758,1.764,334300,sh510650
1061,2017-09-14,1.768,1.769,1.747,1.75,15500,sh510650
1062,2017-09-15,1.745,1.755,1.738,1.75,525700,sh510650
1063,2017-09-18,1.754,1.766,1.75,1.758,550800,sh510650
1064,2017-09-19,1.752,1.76,1.745,1.745,445400,sh510650
1065,2017-09-20,1.74,1.753,1.74,1.748,67400,sh510650
1066,2017-09-21,1.742,1.76,1.742,1.751,144800,sh510650
1067,2017-09-22,1.756,1.766,1.746,1.746,6600,sh510650
1068,2017-09-25,1.75,1.761,1.7,1.753,57500,sh510650
1069,2017-09-26,1.76,1.76,1.751,1.755,34000,sh510650
1070,2017-09-27,1.752,1.752,1.742,1.742,6200,sh510650
1071,2017-09-28,1.74,1.74,1.729,1.739,31600,sh510650
1072,2017-09-29,1.73,1.752,1.73,1.75,19900,sh510650
1073,2017-10-09,1.78,1.83,1.755,1.763,84200,sh510650
1074,2017-10-10,1.78,1.8,1.746,1.753,67100,sh510650
1075,2017-10-11,1.755,1.763,1.755,1.762,33200,sh510650
1076,2017-10-12,1.767,1.774,1.765,1.766,1382300,sh510650
1077,2017-10-13,1.77,1.772,1.765,1.772,335000,sh510650
1078,2017-10-16,1.772,1.788,1.77,1.777,46400,sh510650
1079,2017-10-17,1.777,1.783,1.77,1.778,77800,sh510650
1080,2017-10-18,1.782,1.782,1.774,1.781,69000,sh510650
1081,2017-10-19,1.79,1.793,1.783,1.79,88860,sh510650
1082,2017-10-20,1.783,1.783,1.775,1.781,27400,sh510650
1083,2017-10-23,1.78,1.782,1.776,1.782,46200,sh510650
1084,2017-10-24,1.792,1.792,1.783,1.783,256100,sh510650
1085,2017-10-25,1.781,1.789,1.781,1.786,13750,sh510650
1086,2017-10-26,1.793,1.793,1.79,1.791,33000,sh510650
1087,2017-10-27,1.79,1.817,1.79,1.817,592935,sh510650
1088,2017-10-30,1.81,1.816,1.797,1.809,92135,sh510650
1089,2017-10-31,1.81,1.81,1.793,1.796,123301,sh510650
1090,2017-11-01,1.799,1.817,1.792,1.805,32200,sh510650
1091,2017-11-02,1.8,1.8,1.8,1.8,300,sh510650
1092,2017-11-03,1.78,1.8,1.777,1.797,34202,sh510650
1093,2017-11-06,1.784,1.784,1.77,1.781,13900,sh510650
1094,2017-11-07,1.788,1.803,1.788,1.801,21100,sh510650
1095,2017-11-08,1.807,1.825,1.807,1.807,130800,sh510650
1096,2017-11-09,1.81,1.812,1.8,1.807,39436,sh510650
1097,2017-11-10,1.81,1.83,1.808,1.83,312100,sh510650
1098,2017-11-13,1.84,1.854,1.84,1.845,297900,sh510650
1099,2017-11-14,1.863,1.863,1.832,1.836,488600,sh510650
1100,2017-11-15,1.84,1.84,1.824,1.828,310300,sh510650
1101,2017-11-16,1.826,1.848,1.826,1.845,34500,sh510650
1102,2017-11-17,1.85,1.894,1.85,1.89,832300,sh510650
1103,2017-11-20,1.9,1.908,1.862,1.908,297420,sh510650
1104,2017-11-21,1.902,1.96,1.902,1.96,190020,sh510650
1105,2017-11-22,1.95,1.999,1.95,1.952,1215025,sh510650
1106,2017-11-23,1.955,1.967,1.901,1.901,117900,sh510650
1107,2017-11-24,1.901,1.921,1.901,1.917,14200,sh510650
1108,2017-11-27,1.917,1.948,1.881,1.948,59800,sh510650
1109,2017-11-28,1.9,1.928,1.881,1.881,835500,sh510650
1110,2017-11-29,1.883,1.896,1.867,1.896,25500,sh510650
1111,2017-11-30,1.869,1.879,1.862,1.862,18800,sh510650
1112,2017-12-01,1.847,1.853,1.847,1.852,3100,sh510650
1113,2017-12-04,1.855,1.868,1.838,1.868,13800,sh510650
1114,2017-12-05,1.867,1.91,1.867,1.91,26100,sh510650
1115,2017-12-06,1.9,1.9,1.879,1.879,51300,sh510650
1116,2017-12-07,1.86,1.86,1.843,1.845,818861,sh510650
1117,2017-12-08,1.85,1.871,1.85,1.869,163400,sh510650
1118,2017-12-11,1.869,1.88,1.858,1.88,13000,sh510650
1119,2017-12-12,1.863,1.863,1.852,1.853,7800,sh510650
1120,2017-12-13,1.847,1.864,1.838,1.864,1800,sh510650
1121,2017-12-14,1.85,1.85,1.838,1.838,19200,sh510650
1122,2017-12-15,1.829,1.829,1.829,1.829,10100,sh510650
1123,2017-12-18,1.82,1.834,1.81,1.81,44900,sh510650
1124,2017-12-19,1.822,1.858,1.822,1.851,843525,sh510650
1125,2017-12-20,1.848,1.855,1.836,1.851,5061500,sh510650
1126,2017-12-21,1.844,1.894,1.839,1.894,886000,sh510650
1127,2017-12-22,1.86,1.863,1.851,1.851,320900,sh510650
1128,2017-12-25,1.851,1.875,1.833,1.85,18200,sh510650
1129,2017-12-26,1.84,1.86,1.83,1.853,30400,sh510650
1130,2017-12-27,1.86,1.86,1.822,1.822,6100,sh510650
1131,2017-12-28,1.825,1.835,1.822,1.822,37800,sh510650
1132,2017-12-29,1.835,1.836,1.824,1.828,32000,sh510650
1133,2018-01-02,1.852,1.87,1.852,1.861,94800,sh510650
1134,2018-01-03,1.865,1.894,1.862,1.868,61000,sh510650
1135,2018-01-04,1.87,1.87,1.854,1.855,41100,sh510650
1136,2018-01-05,1.861,1.873,1.861,1.871,237900,sh510650
1137,2018-01-08,1.868,1.869,1.861,1.868,226800,sh510650
1138,2018-01-09,1.87,1.888,1.87,1.884,64700,sh510650
1139,2018-01-10,1.884,1.905,1.884,1.905,122137,sh510650
1140,2018-01-11,1.905,1.905,1.898,1.904,97100,sh510650
1141,2018-01-12,1.915,1.921,1.909,1.91,68600,sh510650
1142,2018-01-15,1.929,1.978,1.929,1.961,576400,sh510650
1143,2018-01-16,1.959,1.97,1.944,1.97,4179800,sh510650
1144,2018-01-17,1.99,2.038,1.984,2.0,333490,sh510650
1145,2018-01-18,2.0,2.023,1.995,2.0,334870,sh510650
1146,2018-01-19,2.019,2.05,2.013,2.048,548400,sh510650
1147,2018-01-22,2.02,2.046,2.012,2.012,420700,sh510650
1148,2018-01-23,2.029,2.059,2.029,2.055,1890220,sh510650
1149,2018-01-24,2.067,2.089,2.054,2.07,473814,sh510650
1150,2018-01-25,2.07,2.07,2.022,2.049,134100,sh510650
1151,2018-01-26,2.047,2.073,2.047,2.058,77000,sh510650
1152,2018-01-29,2.062,2.064,2.015,2.015,108600,sh510650
1153,2018-01-30,2.025,2.025,1.999,1.999,611200,sh510650
1154,2018-01-31,1.999,2.018,1.999,2.001,119800,sh510650
1155,2018-02-01,2.025,2.044,2.018,2.041,368600,sh510650
1156,2018-02-02,2.028,2.054,2.02,2.054,136600,sh510650
1157,2018-02-05,2.05,2.099,2.036,2.099,84732,sh510650
1158,2018-02-06,2.09,2.09,2.0,2.059,91700,sh510650
1159,2018-02-07,2.04,2.09,1.977,1.988,266500,sh510650
1160,2018-02-08,1.962,1.965,1.899,1.905,127900,sh510650
1161,2018-02-09,1.9,1.9,1.768,1.796,86500,sh510650
1162,2018-02-12,1.825,1.825,1.802,1.823,80000,sh510650
1163,2018-02-13,1.832,1.865,1.832,1.848,55800,sh510650
1164,2018-02-14,1.856,1.856,1.84,1.85,7600,sh510650
1165,2018-02-22,1.839,1.893,1.778,1.884,5700,sh510650
1166,2018-02-23,1.883,1.91,1.883,1.902,40800,sh510650
1167,2018-02-26,1.91,1.923,1.892,1.915,71300,sh510650
1168,2018-02-27,1.901,1.905,1.876,1.886,100500,sh510650
1169,2018-02-28,1.863,1.873,1.851,1.873,38500,sh510650
1170,2018-03-01,1.845,1.87,1.845,1.856,123900,sh510650
1171,2018-03-02,1.874,1.874,1.838,1.838,43000,sh510650
1172,2018-03-05,1.845,1.858,1.832,1.833,34100,sh510650
1173,2018-03-06,1.844,1.861,1.836,1.856,89400,sh510650
1174,2018-03-07,1.875,1.896,1.862,1.896,59800,sh510650
1175,2018-03-08,1.865,1.898,1.854,1.898,36500,sh510650
1176,2018-03-09,1.887,1.887,1.869,1.882,14200,sh510650
1177,2018-03-12,1.871,1.883,1.871,1.875,126400,sh510650
1178,2018-03-13,1.87,1.875,1.862,1.862,25800,sh510650
1179,2018-03-14,1.851,1.854,1.843,1.843,11700,sh510650
1180,2018-03-15,1.852,1.859,1.852,1.858,51600,sh510650
1181,2018-03-16,1.855,1.86,1.845,1.845,7900,sh510650
1182,2018-03-19,1.85,1.854,1.85,1.85,10200,sh510650
1183,2018-03-20,1.851,1.854,1.851,1.854,7400,sh510650
1184,2018-03-21,1.869,1.884,1.868,1.868,540600,sh510650
1185,2018-03-22,1.853,1.854,1.833,1.849,16900,sh510650
1186,2018-03-23,1.84,1.85,1.784,1.785,62900,sh510650
1187,2018-03-26,1.775,1.775,1.735,1.761,149300,sh510650
1188,2018-03-27,1.76,1.765,1.741,1.752,40500,sh510650
1189,2018-03-28,1.75,1.763,1.738,1.739,109600,sh510650
1190,2018-03-29,1.737,1.75,1.71,1.75,87200,sh510650
1191,2018-03-30,1.754,1.754,1.747,1.751,6300,sh510650
1192,2018-04-02,1.749,1.767,1.739,1.739,14200,sh510650
1193,2018-04-03,1.729,1.737,1.719,1.737,25700,sh510650
1194,2018-04-04,1.738,1.749,1.736,1.736,6500,sh510650
1195,2018-04-09,1.75,1.75,1.729,1.739,66900,sh510650
1196,2018-04-10,1.748,1.789,1.748,1.787,28500,sh510650
1197,2018-04-11,1.787,1.804,1.776,1.789,32500,sh510650
1198,2018-04-12,1.8,1.8,1.773,1.773,1900,sh510650
1199,2018-04-13,1.77,1.77,1.756,1.758,16500,sh510650
1200,2018-04-16,1.749,1.749,1.704,1.705,45900,sh510650
1201,2018-04-17,1.702,1.718,1.695,1.695,140600,sh510650
1202,2018-04-18,1.7,1.714,1.7,1.707,63200,sh510650
1203,2018-04-19,1.716,1.716,1.714,1.714,600,sh510650
1204,2018-04-20,1.702,1.702,1.692,1.702,6800,sh510650
1205,2018-04-23,1.736,1.736,1.703,1.703,2000,sh510650
1206,2018-04-24,1.727,1.757,1.727,1.741,149100,sh510650
1207,2018-04-25,1.742,1.743,1.725,1.728,6062600,sh510650
1208,2018-04-26,1.729,1.729,1.7,1.703,105900,sh510650
1209,2018-04-27,1.709,1.709,1.689,1.7,66200,sh510650
1210,2018-05-02,1.711,1.72,1.7,1.711,1779700,sh510650
1211,2018-05-03,1.702,1.718,1.698,1.718,277700,sh510650
1212,2018-05-04,1.705,1.709,1.703,1.703,128100,sh510650
1213,2018-05-07,1.702,1.718,1.702,1.716,84608,sh510650
1214,2018-05-08,1.728,1.75,1.728,1.745,36100,sh510650
1215,2018-05-09,1.745,1.745,1.739,1.741,5000,sh510650
1216,2018-05-10,1.742,1.749,1.741,1.749,9600,sh510650
1217,2018-05-11,1.75,1.75,1.743,1.743,142962,sh510650
1218,2018-05-14,1.76,1.765,1.753,1.763,28500,sh510650
1219,2018-05-15,1.762,1.762,1.742,1.75,26900,sh510650
1220,2018-05-16,1.737,1.745,1.732,1.732,2600,sh510650
1221,2018-05-17,1.732,1.732,1.718,1.724,119800,sh510650
1222,2018-05-18,1.714,1.746,1.713,1.743,102200,sh510650
1223,2018-05-21,1.76,1.76,1.744,1.75,25000,sh510650
1224,2018-05-22,1.735,1.735,1.728,1.731,20300,sh510650
1225,2018-05-23,1.712,1.712,1.712,1.712,1800,sh510650
1226,2018-05-24,1.703,1.71,1.7,1.7,43100,sh510650
1227,2018-05-25,1.7,1.7,1.69,1.69,20400,sh510650
1228,2018-05-28,1.69,1.703,1.689,1.691,45300,sh510650
1229,2018-05-29,1.7,1.7,1.671,1.671,27400,sh510650
1230,2018-05-30,1.685,1.685,1.652,1.652,25900,sh510650
1231,2018-05-31,1.65,1.667,1.65,1.667,22700,sh510650
1232,2018-06-01,1.67,1.67,1.666,1.67,11900,sh510650
1233,2018-06-04,1.684,1.691,1.679,1.691,10200,sh510650
1234,2018-06-05,1.691,1.697,1.689,1.697,13383,sh510650
1235,2018-06-06,1.693,1.693,1.678,1.686,3973500,sh510650
1236,2018-06-07,1.691,1.707,1.591,1.591,5458000,sh510650
1237,2018-06-08,1.686,1.686,1.657,1.662,65900,sh510650
1238,2018-06-11,1.662,1.673,1.658,1.658,4800,sh510650
1239,2018-06-12,1.671,1.678,1.671,1.678,204000,sh510650
1240,2018-06-13,1.677,1.677,1.668,1.67,854000,sh510650
1241,2018-06-14,1.669,1.678,1.669,1.676,156600,sh510650
1242,2018-06-15,1.684,1.69,1.684,1.685,236608,sh510650
1243,2018-06-19,1.685,1.685,1.656,1.656,709500,sh510650
1244,2018-06-20,1.647,1.647,1.625,1.639,11200,sh510650
1245,2018-06-21,1.634,1.643,1.549,1.617,914000,sh510650
1246,2018-06-22,1.613,1.617,1.613,1.615,52900,sh510650
1247,2018-06-25,1.627,1.627,1.591,1.591,35500,sh510650
1248,2018-06-26,1.585,1.585,1.546,1.565,15400,sh510650
1249,2018-06-27,1.56,1.563,1.551,1.551,3000,sh510650
1250,2018-06-28,1.535,1.549,1.521,1.527,28600,sh510650
1251,2018-06-29,1.535,1.559,1.535,1.559,40700,sh510650
1252,2018-07-02,1.57,1.57,1.493,1.493,36400,sh510650
1253,2018-07-03,1.48,1.511,1.423,1.507,105600,sh510650
1254,2018-07-04,1.51,1.519,1.501,1.501,2200,sh510650
1255,2018-07-05,1.494,1.494,1.494,1.494,1000,sh510650
1256,2018-07-06,1.494,1.526,1.491,1.526,1800,sh510650
1257,2018-07-09,1.537,1.65,1.537,1.65,12100,sh510650
1258,2018-07-10,1.647,1.647,1.555,1.566,38500,sh510650
1259,2018-07-11,1.568,1.568,1.537,1.543,9100,sh510650
1260,2018-07-12,1.563,1.58,1.563,1.58,44600,sh510650
1261,2018-07-13,1.575,1.575,1.57,1.57,9500,sh510650
1262,2018-07-16,1.557,1.557,1.546,1.546,18300,sh510650
1263,2018-07-17,1.542,1.543,1.539,1.543,8100,sh510650
1264,2018-07-18,1.56,1.56,1.543,1.543,10200,sh510650
1265,2018-07-19,1.549,1.553,1.543,1.543,700,sh510650
1266,2018-07-20,1.537,1.605,1.537,1.605,40600,sh510650
1267,2018-07-23,1.601,1.633,1.6,1.633,141700,sh510650
1268,2018-07-24,1.647,1.653,1.64,1.649,5100,sh510650
1269,2018-07-25,1.645,1.649,1.641,1.649,3600,sh510650
1270,2018-07-26,1.652,1.652,1.631,1.631,17400,sh510650
1271,2018-07-27,1.627,1.627,1.627,1.627,6100,sh510650
1272,2018-07-30,1.627,1.643,1.625,1.63,8860600,sh510650
1273,2018-07-31,1.64,1.647,1.625,1.642,5630200,sh510650
1274,2018-08-01,1.645,1.659,1.612,1.612,13683400,sh510650
1275,2018-08-02,1.591,1.591,1.561,1.572,15800,sh510650
1276,2018-08-03,1.572,1.572,1.572,1.572,40400,sh510650
1277,2018-08-06,1.579,1.59,1.573,1.59,95700,sh510650
1278,2018-08-07,1.569,1.689,1.568,1.596,303200,sh510650
1279,2018-08-08,1.6,1.6,1.578,1.58,209100,sh510650
1280,2018-08-09,1.597,1.615,1.597,1.614,13600,sh510650
1281,2018-08-10,1.616,1.618,1.601,1.601,61800,sh510650
1282,2018-08-13,1.595,1.595,1.57,1.588,158300,sh510650
1283,2018-08-14,1.578,1.58,1.573,1.578,600800,sh510650
1284,2018-08-15,1.58,1.58,1.545,1.545,3200,sh510650
1285,2018-08-16,1.54,1.564,1.53,1.564,100200,sh510650
1286,2018-08-17,1.559,1.559,1.546,1.546,5600,sh510650
1287,2018-08-20,1.55,1.568,1.55,1.558,24700,sh510650
1288,2018-08-21,1.584,1.588,1.584,1.588,15800,sh510650
1289,2018-08-22,1.584,1.585,1.582,1.582,130400,sh510650
1290,2018-08-23,1.592,1.598,1.59,1.592,419000,sh510650
1291,2018-08-24,1.7,1.7,1.591,1.617,271400,sh510650
1292,2018-08-27,1.621,1.635,1.617,1.635,17900,sh510650
1293,2018-08-28,1.632,1.632,1.628,1.632,6000,sh510650
1294,2018-08-29,1.62,1.629,1.62,1.626,5800,sh510650
1295,2018-08-30,1.632,1.632,1.614,1.614,11200,sh510650
1296,2018-08-31,1.616,1.632,1.616,1.632,504000,sh510650
1297,2018-09-03,1.62,1.625,1.612,1.613,517700,sh510650
1298,2018-09-04,1.62,1.641,1.616,1.64,635800,sh510650
1299,2018-09-05,1.637,1.637,1.608,1.608,11200,sh510650
1300,2018-09-06,1.611,1.611,1.591,1.591,217500,sh510650
1301,2018-09-07,1.603,1.613,1.6,1.602,602300,sh510650
1302,2018-09-10,1.595,1.602,1.593,1.602,10400,sh510650
1303,2018-09-11,1.59,1.599,1.575,1.575,454500,sh510650
1304,2018-09-12,1.574,1.574,1.57,1.57,25100,sh510650
1305,2018-09-13,1.59,1.602,1.587,1.602,139100,sh510650
1306,2018-09-14,1.602,1.608,1.602,1.608,25100,sh510650
1307,2018-09-17,1.605,1.605,1.595,1.597,13000,sh510650
1308,2018-09-18,1.599,1.623,1.599,1.623,14918,sh510650
1309,2018-09-19,1.62,1.645,1.62,1.637,22400,sh510650
1310,2018-09-20,1.642,1.645,1.634,1.637,8000,sh510650
1311,2018-09-21,1.64,1.697,1.64,1.67,43400,sh510650
1312,2018-09-25,1.686,1.686,1.676,1.678,75500,sh510650
1313,2018-09-26,1.69,1.718,1.69,1.707,370400,sh510650
1314,2018-09-27,1.682,1.694,1.682,1.693,168000,sh510650
1315,2018-09-28,1.709,1.72,1.702,1.702,161400,sh510650
1316,2018-10-08,1.697,1.697,1.632,1.638,324300,sh510650
1317,2018-10-09,1.647,1.647,1.638,1.64,284200,sh510650
1318,2018-10-10,1.643,1.653,1.639,1.642,262600,sh510650
1319,2018-10-11,1.647,1.664,1.587,1.587,22240,sh510650
1320,2018-10-12,1.59,1.614,1.59,1.612,10500,sh510650
1321,2018-10-16,1.609,1.609,1.597,1.597,363700,sh510650
1322,2018-10-17,1.609,1.612,1.583,1.583,158300,sh510650
1323,2018-10-18,1.593,1.593,1.593,1.593,100,sh510650
1324,2018-10-19,1.575,1.631,1.575,1.631,40700,sh510650
1325,2018-10-22,1.64,1.73,1.64,1.716,530700,sh510650
1326,2018-10-23,1.695,1.695,1.658,1.659,32800,sh510650
1327,2018-10-24,1.675,1.72,1.675,1.712,640000,sh510650
1328,2018-10-25,1.69,1.73,1.661,1.73,260400,sh510650
1329,2018-10-26,1.71,1.71,1.678,1.689,195000,sh510650
1330,2018-10-29,1.676,1.676,1.64,1.657,21200,sh510650
1331,2018-10-30,1.647,1.697,1.647,1.689,27600,sh510650
1332,2018-10-31,1.696,1.696,1.656,1.677,14466300,sh510650
1333,2018-11-01,1.69,1.715,1.68,1.68,12186000,sh510650
1334,2018-11-02,1.671,1.731,1.671,1.731,839400,sh510650
1335,2018-11-05,1.725,1.74,1.7,1.74,37700,sh510650
1336,2018-11-06,1.71,1.737,1.691,1.737,103700,sh510650
1337,2018-11-07,1.689,1.713,1.685,1.686,137900,sh510650
1338,2018-11-08,1.7,1.703,1.694,1.697,32300,sh510650
1339,2018-11-09,1.676,1.71,1.65,1.704,114900,sh510650
1340,2018-11-12,1.65,1.71,1.646,1.664,585200,sh510650
1341,2018-11-13,1.641,1.699,1.641,1.699,69900,sh510650
1342,2018-11-14,1.662,1.662,1.648,1.648,75200,sh510650
1343,2018-11-15,1.65,1.695,1.65,1.695,163720,sh510650
1344,2018-11-16,1.664,1.685,1.662,1.672,142300,sh510650
1345,2018-11-19,1.682,1.695,1.68,1.693,86501,sh510650
1346,2018-11-20,1.684,1.684,1.66,1.661,27000,sh510650
1347,2018-11-21,1.657,1.664,1.657,1.664,27000,sh510650
1348,2018-11-22,1.651,1.652,1.645,1.65,36641,sh510650
1349,2018-11-23,1.652,1.658,1.628,1.629,513900,sh510650
1350,2018-11-26,1.649,1.649,1.63,1.63,5200,sh510650
1351,2018-11-27,1.633,1.653,1.627,1.653,19300,sh510650
1352,2018-11-28,1.643,1.65,1.643,1.645,3600,sh510650
1353,2018-11-29,1.654,1.654,1.632,1.632,12900,sh510650
1354,2018-11-30,1.633,1.644,1.633,1.644,72300,sh510650
1355,2018-12-03,1.647,1.691,1.647,1.678,30400,sh510650
1356,2018-12-04,1.68,1.681,1.676,1.681,126700,sh510650
1357,2018-12-05,1.68,1.68,1.672,1.673,7100,sh510650
1358,2018-12-06,1.67,1.67,1.646,1.648,14900,sh510650
1359,2018-12-07,1.648,1.648,1.648,1.648,12200,sh510650
1360,2018-12-10,1.64,1.64,1.625,1.634,65000,sh510650
1361,2018-12-11,1.631,1.632,1.631,1.632,23800,sh510650
1362,2018-12-12,1.64,1.64,1.633,1.64,508800,sh510650
1363,2018-12-13,1.64,1.66,1.64,1.656,3200,sh510650
1364,2018-12-14,1.637,1.637,1.63,1.63,7800,sh510650
1365,2018-12-17,1.63,1.63,1.626,1.627,66600,sh510650
1366,2018-12-18,1.63,1.63,1.609,1.61,40100,sh510650
1367,2018-12-19,1.6,1.6,1.595,1.595,3000,sh510650
1368,2018-12-20,1.582,1.582,1.56,1.566,27500,sh510650
1369,2018-12-21,1.553,1.553,1.538,1.542,61300,sh510650
1370,2018-12-24,1.535,1.537,1.533,1.537,40700,sh510650
1371,2018-12-25,1.533,1.539,1.509,1.539,90500,sh510650
1372,2018-12-26,1.531,1.531,1.526,1.526,11000,sh510650
1373,2018-12-27,1.535,1.537,1.535,1.535,8000,sh510650
1374,2018-12-28,1.54,1.548,1.536,1.54,140200,sh510650
1375,2019-01-02,1.535,1.535,1.511,1.514,37400,sh510650
1376,2019-01-03,1.52,1.53,1.52,1.524,21700,sh510650
1377,2019-01-04,1.541,1.562,1.541,1.562,42800,sh510650
1378,2019-01-07,1.555,1.562,1.555,1.558,17900,sh510650
1379,2019-01-08,1.55,1.553,1.544,1.55,98800,sh510650
1380,2019-01-09,1.565,1.575,1.565,1.573,73200,sh510650
1381,2019-01-10,1.563,1.568,1.561,1.564,24900,sh510650
1382,2019-01-11,1.575,1.575,1.575,1.575,100,sh510650
1383,2019-01-14,1.575,1.575,1.56,1.56,20700,sh510650
1384,2019-01-15,1.565,1.585,1.564,1.584,54900,sh510650
1385,2019-01-16,1.529,1.59,1.529,1.59,66800,sh510650
1386,2019-01-17,1.581,1.598,1.581,1.598,22100,sh510650
1387,2019-01-18,1.6,1.611,1.596,1.611,43500,sh510650
1388,2019-01-21,1.618,1.618,1.618,1.618,100,sh510650
1389,2019-01-24,1.611,1.62,1.611,1.62,32983,sh510650
1390,2019-01-25,1.615,1.643,1.615,1.643,172300,sh510650
1391,2019-01-28,1.66,1.66,1.66,1.66,101900,sh510650
1392,2019-01-29,1.641,1.647,1.573,1.647,3800,sh510650
1393,2019-01-30,1.648,1.648,1.622,1.648,1500,sh510650
1394,2019-01-31,1.657,1.675,1.637,1.675,27000,sh510650
1395,2019-02-01,1.673,1.68,1.673,1.68,29100,sh510650
1396,2019-02-11,1.68,1.69,1.661,1.665,19400,sh510650
1397,2019-02-12,1.67,1.697,1.652,1.697,33300,sh510650
1398,2019-02-13,1.695,1.727,1.695,1.727,165993,sh510650
1399,2019-02-14,1.727,1.73,1.7,1.722,1180993,sh510650
1400,2019-02-15,1.711,1.711,1.676,1.676,140200,sh510650
1401,2019-02-18,1.686,1.723,1.686,1.721,184500,sh510650
1402,2019-02-19,1.695,1.747,1.695,1.722,140300,sh510650
1403,2019-02-20,1.732,1.739,1.725,1.726,153700,sh510650
1404,2019-02-21,1.72,1.75,1.72,1.728,28500,sh510650
1405,2019-02-22,1.729,1.77,1.714,1.77,240362,sh510650
1406,2019-02-25,1.78,1.947,1.78,1.947,1209674,sh510650
1407,2019-02-26,1.958,1.999,1.838,1.861,844026,sh510650
1408,2019-02-27,1.86,1.91,1.85,1.864,786100,sh510650
1409,2019-02-28,1.874,1.875,1.85,1.856,97800,sh510650
1410,2019-03-01,1.856,1.941,1.855,1.941,183000,sh510650
1411,2019-03-04,1.941,2.002,1.913,1.922,2293400,sh510650
1412,2019-03-05,1.922,1.924,1.907,1.923,1167160,sh510650
1413,2019-03-06,1.923,1.947,1.912,1.947,796800,sh510650
1414,2019-03-07,1.947,1.947,1.904,1.922,375600,sh510650
1415,2019-03-08,1.912,1.912,1.832,1.84,274100,sh510650
1416,2019-03-11,1.833,1.9,1.822,1.841,950200,sh510650
1417,2019-03-12,1.849,1.875,1.844,1.845,165200,sh510650
1418,2019-03-13,1.855,1.871,1.838,1.85,92700,sh510650
1419,2019-03-14,1.85,1.868,1.84,1.844,171200,sh510650
1420,2019-03-15,1.854,1.891,1.854,1.875,137700,sh510650
1421,2019-03-18,1.885,1.95,1.858,1.943,159209,sh510650
1422,2019-03-19,1.9,1.95,1.89,1.909,295600,sh510650
1423,2019-03-20,1.899,1.912,1.888,1.906,56700,sh510650
1424,2019-03-21,1.905,1.912,1.899,1.904,106500,sh510650
1425,2019-03-22,1.894,1.9,1.881,1.9,22400,sh510650
1426,2019-03-25,1.89,1.89,1.828,1.828,168700,sh510650
1427,2019-03-26,1.846,1.869,1.816,1.846,69200,sh510650
1428,2019-03-27,1.856,1.856,1.825,1.837,90800,sh510650
1429,2019-03-28,1.827,1.83,1.819,1.82,33300,sh510650
1430,2019-03-29,1.83,1.903,1.83,1.903,211000,sh510650
1431,2019-04-01,1.904,1.939,1.904,1.933,707600,sh510650
1432,2019-04-02,1.933,1.952,1.92,1.934,557900,sh510650
1433,2019-04-03,1.924,1.961,1.9,1.961,985800,sh510650
1434,2019-04-04,1.981,1.987,1.969,1.982,451800,sh510650
1435,2019-04-08,1.983,2.021,1.982,1.989,486000,sh510650
1436,2019-04-09,1.981,1.99,1.965,1.982,136900,sh510650
1437,2019-04-10,1.97,1.974,1.95,1.974,443400,sh510650
1438,2019-04-11,1.984,1.984,1.941,1.941,179400,sh510650
1439,2019-04-12,1.931,1.96,1.925,1.944,83700,sh510650
1440,2019-04-15,1.954,2.005,1.954,1.968,123000,sh510650
1441,2019-04-16,1.953,2.021,1.947,1.982,396400,sh510650
1442,2019-04-17,1.99,2.028,1.99,2.01,376193,sh510650
1443,2019-04-18,2.014,2.014,1.997,2.004,83900,sh510650
1444,2019-04-19,2.003,2.028,2.001,2.021,334653,sh510650
1445,2019-04-22,2.011,2.024,1.97,1.97,870485,sh510650
1446,2019-04-23,1.97,1.999,1.966,1.97,667085,sh510650
1447,2019-04-24,1.97,1.986,1.948,1.973,151100,sh510650
1448,2019-04-25,1.964,1.97,1.946,1.947,62200,sh510650
1449,2019-04-26,1.917,1.948,1.917,1.935,73800,sh510650
1450,2019-04-29,1.937,1.965,1.932,1.957,37500,sh510650
1451,2019-04-30,1.947,1.96,1.947,1.96,26400,sh510650
1452,2019-05-06,1.95,1.95,1.85,1.859,198900,sh510650
1453,2019-05-07,1.86,1.882,1.839,1.878,429701,sh510650
1454,2019-05-08,1.868,1.868,1.805,1.838,29700,sh510650
1455,2019-05-09,1.828,1.828,1.788,1.805,116200,sh510650
1456,2019-05-10,1.823,1.853,1.8,1.84,37171,sh510650
1457,2019-05-13,1.833,1.833,1.814,1.823,51500,sh510650
1458,2019-05-14,1.813,1.828,1.805,1.812,148067,sh510650
1459,2019-05-15,1.821,1.84,1.821,1.84,28900,sh510650
1460,2019-05-16,1.84,1.844,1.83,1.844,26900,sh510650
1461,2019-05-17,1.832,1.832,1.81,1.81,6000,sh510650
1462,2019-05-20,1.8,1.813,1.796,1.808,12700,sh510650
1463,2019-05-21,1.818,1.83,1.818,1.824,136200,sh510650
1464,2019-05-22,1.814,1.821,1.809,1.813,12000,sh510650
1465,2019-05-23,1.795,1.807,1.791,1.801,15500,sh510650
1466,2019-05-24,1.811,1.819,1.807,1.807,25300,sh510650
1467,2019-05-27,1.798,1.829,1.792,1.82,8100,sh510650
1468,2019-05-28,1.821,1.837,1.819,1.819,11700,sh510650
1469,2019-05-29,1.826,1.826,1.823,1.823,10100,sh510650
1470,2019-05-30,1.824,1.83,1.819,1.83,127400,sh510650
1471,2019-05-31,1.83,1.84,1.827,1.827,2300,sh510650
1472,2019-06-03,1.837,1.839,1.81,1.827,270100,sh510650
1473,2019-06-04,1.83,1.834,1.81,1.825,789400,sh510650
1474,2019-06-05,1.835,1.837,1.835,1.837,6000,sh510650
1475,2019-06-06,1.825,1.831,1.825,1.826,14200,sh510650
1476,2019-06-10,1.837,1.853,1.837,1.846,47000,sh510650
1477,2019-06-11,1.863,1.881,1.862,1.881,624600,sh510650
1478,2019-06-12,1.874,1.882,1.868,1.882,54600,sh510650
1479,2019-06-13,1.861,1.875,1.861,1.875,16700,sh510650
1480,2019-06-14,1.873,1.876,1.863,1.863,208100,sh510650
1481,2019-06-17,1.868,1.868,1.866,1.866,20000,sh510650
1482,2019-06-18,1.88,1.88,1.874,1.874,50400,sh510650
1483,2019-06-19,1.884,1.939,1.884,1.92,34100,sh510650
1484,2019-06-20,1.934,1.99,1.934,1.975,220700,sh510650
1485,2019-06-21,1.983,1.986,1.97,1.976,339600,sh510650
1486,2019-06-24,1.973,1.985,1.93,1.98,149200,sh510650
1487,2019-06-25,1.983,1.983,1.853,1.933,542900,sh510650
1488,2019-06-26,1.929,1.937,1.929,1.937,24900,sh510650
1489,2019-06-27,1.962,1.962,1.961,1.961,6700,sh510650
1490,2019-06-28,1.95,1.951,1.95,1.951,802,sh510650
1491,2019-07-01,1.962,2.006,1.962,1.995,54700,sh510650
1492,2019-07-02,1.99,1.991,1.87,1.87,41500,sh510650
1493,2019-07-03,1.912,1.98,1.912,1.972,30600,sh510650
1494,2019-07-04,1.972,1.983,1.96,1.969,28700,sh510650
1495,2019-07-05,1.97,1.974,1.891,1.973,120100,sh510650
1496,2019-07-08,1.953,1.953,1.934,1.934,29800,sh510650
1497,2019-07-09,1.935,1.935,1.92,1.922,20000,sh510650
1498,2019-07-10,1.928,1.928,1.927,1.927,1100,sh510650
1499,2019-07-11,1.935,1.935,1.931,1.934,7000,sh510650
1500,2019-07-12,1.948,1.97,1.948,1.969,647900,sh510650
1501,2019-07-15,1.932,1.973,1.93,1.966,63400,sh510650
1502,2019-07-16,1.966,1.966,1.957,1.957,9000,sh510650
1503,2019-07-17,1.955,1.955,1.945,1.95,6200,sh510650
1504,2019-07-18,1.947,1.947,1.946,1.946,7500,sh510650
1505,2019-07-19,1.951,1.973,1.949,1.965,33000,sh510650
1506,2019-07-22,1.945,1.977,1.945,1.975,510900,sh510650
1507,2019-07-23,1.976,1.976,1.955,1.968,11200,sh510650
1508,2019-07-24,1.989,1.989,1.982,1.982,107900,sh510650
1509,2019-07-25,1.98,1.994,1.98,1.991,40500,sh510650
1510,2019-07-26,1.992,1.996,1.989,1.996,11700,sh510650
1511,2019-07-29,1.996,1.996,1.984,1.985,44300,sh510650
1512,2019-07-30,2.0,2.01,2.0,2.001,78654,sh510650
1513,2019-07-31,1.989,1.994,1.977,1.977,39100,sh510650
1514,2019-08-01,1.985,1.986,1.955,1.972,7700,sh510650
1515,2019-08-02,1.962,1.962,1.924,1.925,94800,sh510650
1516,2019-08-05,1.912,1.912,1.902,1.904,11100,sh510650
1517,2019-08-06,1.902,1.902,1.859,1.877,50800,sh510650
1518,2019-08-07,1.878,1.878,1.87,1.87,4000,sh510650
1519,2019-08-08,1.898,1.9,1.884,1.889,204900,sh510650
1520,2019-08-09,1.891,1.892,1.891,1.892,5000,sh510650
1521,2019-08-12,1.879,1.911,1.879,1.911,84900,sh510650
1522,2019-08-13,1.892,1.892,1.883,1.883,2000,sh510650
1523,2019-08-14,1.902,1.902,1.886,1.886,3900,sh510650
1524,2019-08-15,1.88,1.89,1.864,1.889,21440,sh510650
1525,2019-08-16,1.895,1.91,1.881,1.9,257100,sh510650
1526,2019-08-19,1.895,1.929,1.89,1.929,116700,sh510650
1527,2019-08-20,1.923,1.936,1.923,1.936,91900,sh510650
1528,2019-08-21,1.92,1.934,1.92,1.925,52400,sh510650
1529,2019-08-23,1.929,1.945,1.929,1.944,95300,sh510650
1530,2019-08-26,1.921,1.921,1.909,1.91,467800,sh510650
1531,2019-08-27,1.93,1.938,1.928,1.928,6000,sh510650
1532,2019-08-28,1.908,1.909,1.904,1.906,22800,sh510650
1533,2019-08-29,1.898,1.898,1.885,1.885,26000,sh510650
1534,2019-08-30,1.902,1.902,1.883,1.883,200,sh510650
1535,2019-09-02,1.898,1.913,1.898,1.912,68200,sh510650
1536,2019-09-03,1.904,1.904,1.902,1.902,15500,sh510650
1537,2019-09-04,1.918,1.933,1.918,1.93,75400,sh510650
1538,2019-09-05,1.949,1.988,1.949,1.965,156700,sh510650
1539,2019-09-06,1.969,1.981,1.969,1.981,83400,sh510650
1540,2019-09-09,2.0,2.0,1.977,1.977,64800,sh510650
1541,2019-09-10,1.966,1.968,1.96,1.968,15100,sh510650
1542,2019-09-11,1.978,1.989,1.972,1.986,83700,sh510650
1543,2019-09-12,1.99,2.009,1.986,2.006,86000,sh510650
1544,2019-09-16,2.001,2.003,1.994,1.994,549000,sh510650
1545,2019-09-17,1.994,1.994,1.962,1.962,68500,sh510650
1546,2019-09-18,1.978,1.978,1.978,1.978,34000,sh510650
1547,2019-09-19,1.969,1.969,1.963,1.963,7100,sh510650
1548,2019-09-20,1.963,1.97,1.963,1.97,18882,sh510650
1549,2019-09-23,1.96,1.96,1.942,1.942,12500,sh510650
1550,2019-09-24,1.943,1.954,1.943,1.948,15700,sh510650
1551,2019-09-25,1.96,1.96,1.944,1.944,7600,sh510650
1552,2019-09-26,1.962,1.962,1.961,1.962,15000,sh510650
1553,2019-09-27,1.954,1.954,1.941,1.95,1000400,sh510650
1554,2019-09-30,1.949,1.949,1.933,1.933,46300,sh510650
1555,2019-10-08,1.933,1.95,1.929,1.95,133700,sh510650
1556,2019-10-09,1.94,1.964,1.937,1.959,134400,sh510650
1557,2019-10-11,1.969,1.999,1.969,1.992,198500,sh510650
1558,2019-10-14,2.002,2.053,2.002,2.025,1189400,sh510650
1559,2019-10-15,2.026,2.029,2.019,2.024,424300,sh510650
1560,2019-10-16,2.034,2.06,2.024,2.027,160000,sh510650
1561,2019-10-17,2.026,2.033,2.021,2.021,43700,sh510650
1562,2019-10-18,2.022,2.027,1.99,1.99,59000,sh510650
1563,2019-10-21,2.001,2.005,1.995,1.995,76100,sh510650
1564,2019-10-22,2.005,2.005,1.994,1.997,3100,sh510650
1565,2019-10-23,1.999,1.999,1.993,1.993,30000,sh510650
1566,2019-10-24,2.01,2.022,2.0,2.0,196800,sh510650
1567,2019-10-25,2.0,2.0,2.0,2.0,150300,sh510650
1568,2019-10-28,2.002,2.002,1.987,1.999,26900,sh510650
1569,2019-10-29,1.995,1.995,1.985,1.985,12200,sh510650
1570,2019-10-30,1.982,1.982,1.979,1.98,48900,sh510650
1571,2019-10-31,1.979,1.979,1.97,1.97,10900,sh510650
1572,2019-11-01,1.97,2.004,1.97,2.004,33683,sh510650
1573,2019-11-04,2.014,2.02,2.013,2.019,41500,sh510650
1574,2019-11-05,2.025,2.054,2.025,2.05,47100,sh510650
1575,2019-11-06,2.04,2.048,2.034,2.046,25800,sh510650
1576,2019-11-07,2.043,2.043,2.036,2.037,18900,sh510650
1577,2019-11-08,2.036,2.047,2.02,2.02,26500,sh510650
1578,2019-11-11,2.01,2.01,1.99,1.99,75500,sh510650
1579,2019-11-12,1.995,1.995,1.99,1.99,5900,sh510650
1580,2019-11-13,1.98,1.986,1.975,1.979,38100,sh510650
1581,2019-11-14,1.983,1.983,1.966,1.976,7800,sh510650
1582,2019-11-15,1.976,1.98,1.968,1.97,8700,sh510650
1583,2019-11-18,1.965,1.989,1.965,1.988,138600,sh510650
1584,2019-11-19,1.989,1.994,1.984,1.991,17600,sh510650
1585,2019-11-20,2.001,2.001,1.961,1.965,73600,sh510650
1586,2019-11-21,1.955,1.956,1.948,1.954,54500,sh510650
1587,2019-11-22,1.963,1.965,1.943,1.943,88600,sh510650
1588,2019-11-25,1.943,1.966,1.943,1.958,76900,sh510650
1589,2019-11-26,1.968,1.968,1.958,1.958,1400,sh510650
1590,2019-11-27,1.951,1.964,1.951,1.957,183300,sh510650
1591,2019-11-29,1.944,1.944,1.932,1.932,56700,sh510650
1592,2019-12-02,1.944,1.944,1.939,1.939,38800,sh510650
1593,2019-12-03,1.938,1.953,1.938,1.946,1000,sh510650
1594,2019-12-04,1.942,1.942,1.941,1.941,34000,sh510650
1595,2019-12-05,1.951,1.959,1.949,1.955,49500,sh510650
1596,2019-12-06,1.959,1.959,1.959,1.959,4300,sh510650
1597,2019-12-09,1.961,1.961,1.956,1.959,22400,sh510650
1598,2019-12-10,1.959,1.959,1.959,1.959,8000,sh510650
1599,2019-12-11,1.961,1.967,1.961,1.967,48600,sh510650
1600,2019-12-12,1.969,1.969,1.962,1.964,5300,sh510650
1601,2019-12-13,1.988,2.011,1.985,2.01,259171,sh510650
1602,2019-12-16,2.003,2.012,2.001,2.012,1769200,sh510650
1603,2019-12-17,2.013,2.056,2.008,2.044,113906,sh510650
1604,2019-12-18,2.041,2.052,2.037,2.037,598587,sh510650
1605,2019-12-19,2.037,2.041,2.029,2.032,63300,sh510650
1606,2019-12-20,2.042,2.052,2.035,2.036,45600,sh510650
1607,2019-12-23,2.038,2.038,2.019,2.019,82900,sh510650
1608,2019-12-24,2.009,2.014,2.008,2.014,71500,sh510650
1609,2019-12-25,2.024,2.024,2.001,2.001,46600,sh510650
1610,2019-12-26,2.008,2.023,2.008,2.023,60500,sh510650
1611,2019-12-27,2.033,2.042,2.025,2.025,89100,sh510650
1612,2019-12-30,2.015,2.055,2.007,2.05,227500,sh510650
1613,2019-12-31,2.046,2.048,2.035,2.044,374300,sh510650
1614,2020-01-02,2.064,2.146,2.064,2.072,222800,sh510650
1615,2020-01-03,2.074,2.081,2.067,2.076,222100,sh510650
1616,2020-01-06,2.06,2.082,2.052,2.062,212800,sh510650
1617,2020-01-07,2.07,2.079,2.062,2.07,145093,sh510650
1618,2020-01-08,2.07,2.07,2.032,2.034,337900,sh510650
1619,2020-01-09,2.053,2.053,2.045,2.05,529400,sh510650
1620,2020-01-10,2.049,2.053,2.049,2.053,34100,sh510650
1621,2020-01-13,2.053,2.068,2.041,2.068,60800,sh510650
1622,2020-01-14,2.073,2.075,2.06,2.063,119700,sh510650
1623,2020-01-15,2.054,2.054,2.038,2.041,22500,sh510650
1624,2020-01-16,2.042,2.042,2.028,2.03,569500,sh510650
1625,2020-01-17,2.03,2.042,2.03,2.03,174900,sh510650
1626,2020-01-20,2.04,2.052,2.039,2.052,125400,sh510650
1627,2020-01-21,2.03,2.03,2.016,2.018,376500,sh510650
1628,2020-01-22,2.008,2.021,1.99,2.018,426600,sh510650
1629,2020-01-23,1.991,2.0,1.957,1.963,131500,sh510650
1630,2020-02-03,1.943,1.943,1.772,1.81,169671,sh510650
1631,2020-02-04,1.828,1.991,1.793,1.85,634480,sh510650
1632,2020-02-05,1.86,1.87,1.841,1.848,57700,sh510650
1633,2020-02-06,1.854,1.879,1.849,1.875,82824,sh510650
1634,2020-02-07,1.885,1.885,1.851,1.858,129400,sh510650
1635,2020-02-10,1.86,1.866,1.851,1.862,170200,sh510650
1636,2020-02-11,1.878,1.89,1.878,1.881,241100,sh510650
1637,2020-02-12,1.874,1.884,1.87,1.884,96100,sh510650
1638,2020-02-13,1.884,1.885,1.87,1.876,106100,sh510650
1639,2020-02-14,1.882,1.891,1.882,1.886,169200,sh510650
1640,2020-02-17,1.902,1.932,1.901,1.932,195600,sh510650
1641,2020-02-18,1.921,1.922,1.907,1.911,115800,sh510650
1642,2020-02-19,1.913,1.929,1.909,1.913,95400,sh510650
1643,2020-02-20,1.911,1.955,1.91,1.955,716600,sh510650
1644,2020-02-21,1.975,1.975,1.934,1.942,69900,sh510650
1645,2020-02-24,1.942,1.942,1.914,1.919,157900,sh510650
1646,2020-02-25,1.91,1.91,1.887,1.907,75300,sh510650
1647,2020-02-26,1.895,1.923,1.888,1.908,150900,sh510650
1648,2020-02-27,1.918,1.918,1.902,1.908,462100,sh510650
1649,2020-02-28,1.889,1.892,1.852,1.852,187600,sh510650
1650,2020-03-02,1.868,1.9,1.868,1.894,36300,sh510650
1651,2020-03-03,1.91,1.91,1.896,1.897,228110,sh510650
1652,2020-03-04,1.905,1.915,1.898,1.915,302800,sh510650
1653,2020-03-05,1.928,1.967,1.924,1.96,641700,sh510650
1654,2020-03-06,1.943,1.943,1.925,1.926,684100,sh510650
1655,2020-03-09,1.924,1.924,1.868,1.872,293500,sh510650
1656,2020-03-10,1.889,1.9,1.874,1.899,31900,sh510650
1657,2020-03-11,1.89,1.903,1.88,1.88,26700,sh510650
1658,2020-03-12,1.881,1.881,1.85,1.852,76200,sh510650
1659,2020-03-13,1.833,1.833,1.784,1.831,227938,sh510650
1660,2020-03-16,1.823,1.823,1.773,1.773,147800,sh510650
1661,2020-03-17,1.755,1.787,1.744,1.764,185601,sh510650
1662,2020-03-18,1.776,1.785,1.73,1.73,285900,sh510650
1663,2020-03-19,1.73,1.73,1.662,1.688,152500,sh510650
1664,2020-03-20,1.705,1.726,1.701,1.726,56000,sh510650
1665,2020-03-23,1.678,1.683,1.676,1.676,107638,sh510650
1666,2020-03-24,1.703,1.721,1.699,1.721,76400,sh510650
1667,2020-03-25,1.737,1.762,1.737,1.759,60700,sh510650
1668,2020-03-26,1.76,1.775,1.755,1.755,39100,sh510650
1669,2020-03-27,1.765,1.783,1.763,1.763,113500,sh510650
1670,2020-03-30,1.764,1.764,1.748,1.755,38757,sh510650
1671,2020-03-31,1.769,1.769,1.739,1.744,84163,sh510650
1672,2020-04-01,1.749,1.758,1.74,1.744,27100,sh510650
1673,2020-04-02,1.736,1.756,1.734,1.756,12200,sh510650
1674,2020-04-03,1.75,1.75,1.75,1.75,300,sh510650
1675,2020-04-07,1.768,1.768,1.761,1.766,44508,sh510650
1676,2020-04-08,1.755,1.759,1.753,1.754,22300,sh510650
1677,2020-04-09,1.759,1.763,1.757,1.759,60900,sh510650
1678,2020-04-10,1.759,1.771,1.751,1.758,65144,sh510650
1679,2020-04-13,1.747,1.747,1.747,1.747,1100,sh510650
1680,2020-04-14,1.754,1.772,1.754,1.772,6800,sh510650
1681,2020-04-15,1.768,1.768,1.765,1.765,13100,sh510650
1682,2020-04-16,1.769,1.769,1.765,1.765,15700,sh510650
1683,2020-04-17,1.778,1.789,1.778,1.786,21300,sh510650
1684,2020-04-20,1.777,1.785,1.777,1.785,7300,sh510650
1685,2020-04-21,1.77,1.77,1.766,1.766,200,sh510650
1686,2020-04-22,1.759,1.768,1.759,1.768,174000,sh510650
1687,2020-04-23,1.768,1.768,1.764,1.766,12800,sh510650
1688,2020-04-24,1.75,1.753,1.749,1.749,55100,sh510650
1689,2020-04-27,1.766,1.783,1.766,1.773,10600,sh510650
1690,2020-04-28,1.78,1.79,1.769,1.79,11100,sh510650
1691,2020-04-29,1.79,1.82,1.79,1.817,90900,sh510650
1692,2020-04-30,1.835,1.923,1.829,1.829,83200,sh510650
1693,2020-05-06,1.82,1.82,1.8,1.815,68900,sh510650
1694,2020-05-07,1.806,1.806,1.799,1.799,18300,sh510650
1695,2020-05-08,1.811,1.826,1.808,1.82,296000,sh510650
1696,2020-05-11,1.82,1.836,1.82,1.82,52300,sh510650
1697,2020-05-12,1.81,1.817,1.805,1.812,19100,sh510650
1698,2020-05-13,1.806,1.812,1.798,1.808,101000,sh510650
1699,2020-05-14,1.796,1.796,1.785,1.788,23000,sh510650
1700,2020-05-15,1.783,1.793,1.783,1.79,63900,sh510650
1701,2020-05-18,1.792,1.801,1.785,1.79,61200,sh510650
1702,2020-05-19,1.799,1.8,1.793,1.796,8000,sh510650
1703,2020-05-20,1.794,1.798,1.789,1.793,17600,sh510650
1704,2020-05-21,1.803,1.803,1.786,1.786,14800,sh510650
1705,2020-05-22,1.779,1.779,1.749,1.749,36900,sh510650
1706,2020-05-25,1.748,1.755,1.748,1.748,2800,sh510650
1707,2020-05-26,1.751,1.759,1.751,1.755,32700,sh510650
1708,2020-05-27,1.758,1.772,1.758,1.761,98000,sh510650
1709,2020-05-28,1.768,1.787,1.768,1.781,58300,sh510650
1710,2020-05-29,1.767,1.772,1.766,1.766,8800,sh510650
1711,2020-06-01,1.788,1.8,1.788,1.797,39400,sh510650
1712,2020-06-02,1.804,1.823,1.804,1.818,142900,sh510650
1713,2020-06-03,1.845,1.849,1.824,1.824,25900,sh510650
1714,2020-06-04,1.82,1.821,1.815,1.817,13100,sh510650
1715,2020-06-05,1.816,1.819,1.805,1.819,80200,sh510650
1716,2020-06-08,1.836,1.836,1.83,1.834,46600,sh510650
1717,2020-06-09,1.832,1.841,1.832,1.836,137300,sh510650
1718,2020-06-10,1.828,1.832,1.823,1.823,33200,sh510650
1719,2020-06-11,1.812,1.82,1.797,1.8,30100,sh510650
1720,2020-06-12,1.785,1.797,1.785,1.797,11800,sh510650
1721,2020-06-15,1.785,1.789,1.779,1.779,25700,sh510650
1722,2020-06-16,1.794,1.798,1.791,1.798,11000,sh510650
1723,2020-06-17,1.789,1.791,1.786,1.791,28600,sh510650
1724,2020-06-18,1.784,1.798,1.783,1.797,62900,sh510650
1725,2020-06-19,1.8,1.817,1.8,1.816,70500,sh510650
1726,2020-06-22,1.814,1.835,1.812,1.812,334300,sh510650
1727,2020-06-23,1.801,1.808,1.798,1.801,118100,sh510650
1728,2020-06-24,1.819,1.827,1.815,1.827,436300,sh510650
1729,2020-06-29,1.829,1.84,1.796,1.8,236700,sh510650
1730,2020-06-30,1.81,1.823,1.801,1.817,94700,sh510650
1731,2020-07-01,1.825,1.865,1.82,1.864,464100,sh510650
1732,2020-07-02,1.866,1.965,1.866,1.965,1598532,sh510650
1733,2020-07-03,2.0,2.162,1.93,1.998,7484020,sh510650
1734,2020-07-06,2.007,2.198,2.007,2.198,8485034,sh510650
1735,2020-07-07,2.312,2.418,2.157,2.171,12356700,sh510650
1736,2020-07-08,2.168,2.233,2.113,2.208,5915400,sh510650
1737,2020-07-09,2.208,2.208,2.149,2.195,5710294,sh510650
1738,2020-07-10,2.151,2.189,2.095,2.105,7304200,sh510650
1739,2020-07-13,2.104,2.139,2.075,2.11,3866534,sh510650
1740,2020-07-14,2.108,2.112,2.069,2.081,2832400,sh510650
1741,2020-07-15,2.081,2.107,2.048,2.05,1708700,sh510650
1742,2020-07-16,2.056,2.079,1.993,1.993,1995200,sh510650
1743,2020-07-17,2.009,2.01,1.966,1.983,1942300,sh510650
1744,2020-07-20,2.007,2.074,1.996,2.067,1540300,sh510650
1745,2020-07-21,2.069,2.069,2.031,2.037,775000,sh510650
1746,2020-07-22,2.018,2.072,2.018,2.036,1563700,sh510650
1747,2020-07-23,2.035,2.035,1.98,2.006,1034900,sh510650
1748,2020-07-24,2.006,2.006,1.933,1.944,1649800,sh510650
1749,2020-07-27,1.946,1.946,1.922,1.933,404800,sh510650
1750,2020-07-28,1.935,1.953,1.929,1.94,329300,sh510650
1751,2020-07-29,1.942,1.98,1.933,1.978,614200,sh510650
1752,2020-07-30,1.978,1.978,1.952,1.952,456300,sh510650
1753,2020-07-31,1.952,1.984,1.941,1.958,741900,sh510650
1754,2020-08-03,1.96,1.982,1.96,1.98,917300,sh510650
1755,2020-08-04,1.977,2.036,1.975,2.021,1758700,sh510650
1756,2020-08-05,2.021,2.021,1.974,1.992,943900,sh510650
1757,2020-08-06,1.992,2.025,1.974,2.018,991500,sh510650
1758,2020-08-07,2.015,2.016,1.973,1.996,1128400,sh510650
1759,2020-08-10,1.995,2.039,1.936,2.024,2247500,sh510650
1760,2020-08-11,2.026,2.053,2.007,2.013,2314000,sh510650
1761,2020-08-12,2.015,2.024,1.995,2.024,1536000,sh510650
1762,2020-08-13,2.026,2.026,2.013,2.016,657700,sh510650
1763,2020-08-14,2.016,2.05,2.008,2.046,1132000,sh510650
1764,2020-08-17,2.048,2.145,2.048,2.113,5463800,sh510650
1765,2020-08-18,2.115,2.119,2.086,2.098,3287600,sh510650
1766,2020-08-19,2.098,2.098,2.063,2.066,1352600,sh510650
1767,2020-08-20,2.096,2.096,2.034,2.038,702600,sh510650
1768,2020-08-21,2.04,2.06,2.04,2.056,1552100,sh510650
1769,2020-08-24,2.055,2.057,2.036,2.037,1479100,sh510650
1770,2020-08-25,2.054,2.064,2.034,2.04,1110700,sh510650
1771,2020-08-26,2.038,2.041,2.01,2.014,936100,sh510650
1772,2020-08-27,2.01,2.013,1.997,2.013,370200,sh510650
1773,2020-08-28,2.013,2.05,2.005,2.047,743600,sh510650
1774,2020-08-31,2.063,2.077,2.032,2.035,1383766,sh510650
1775,2020-09-01,2.033,2.036,2.023,2.036,426900,sh510650
1776,2020-09-02,2.032,2.036,2.01,2.026,349400,sh510650
1777,2020-09-03,2.017,2.04,2.01,2.014,728700,sh510650
1778,2020-09-04,2.012,2.012,1.992,2.002,831100,sh510650
1779,2020-09-07,1.999,2.015,1.982,1.983,310300,sh510650
1780,2020-09-08,1.981,2.024,1.979,2.02,1519245,sh510650
1781,2020-09-09,2.003,2.019,1.997,2.0,564300,sh510650
1782,2020-09-10,2.002,2.013,1.994,1.995,566800,sh510650
1783,2020-09-11,1.997,2.03,1.984,1.995,369500,sh510650
1784,2020-09-14,1.997,2.001,1.99,1.996,206500,sh510650
1785,2020-09-15,1.997,2.013,1.988,2.011,316600,sh510650
1786,2020-09-16,2.009,2.024,2.005,2.011,564300,sh510650
1787,2020-09-17,2.01,2.018,2.003,2.003,760700,sh510650
1788,2020-09-18,2.003,2.068,2.003,2.066,1985900,sh510650
1789,2020-09-21,2.072,2.099,2.053,2.054,1809300,sh510650
1790,2020-09-22,2.054,2.063,2.02,2.025,787200,sh510650
1791,2020-09-23,2.027,2.027,2.013,2.016,179600,sh510650
1792,2020-09-24,2.012,2.012,1.99,1.993,296400,sh510650
1793,2020-09-25,1.998,2.001,1.989,1.996,258800,sh510650
1794,2020-09-28,1.996,2.007,1.996,2.004,178700,sh510650
1795,2020-09-29,2.015,2.015,1.993,1.996,176500,sh510650
1796,2020-09-30,1.997,2.001,1.973,1.979,438100,sh510650
1797,2020-10-09,1.984,2.007,1.984,2.0,465800,sh510650
1798,2020-10-12,2.005,2.062,2.005,2.057,1633800,sh510650
1799,2020-10-13,2.061,2.061,2.039,2.053,738100,sh510650
1800,2020-10-14,2.051,2.053,2.037,2.047,166200,sh510650
1801,2020-10-15,2.055,2.08,2.052,2.061,440200,sh510650
1802,2020-10-16,2.059,2.09,2.059,2.082,1743200,sh510650
1803,2020-10-19,2.095,2.136,2.08,2.08,1674000,sh510650
1804,2020-10-20,2.078,2.078,2.062,2.073,721100,sh510650
1805,2020-10-21,2.074,2.1,2.069,2.099,2125600,sh510650
1806,2020-10-22,2.095,2.11,2.081,2.1,787700,sh510650
1807,2020-10-23,2.1,2.134,2.099,2.112,1722523,sh510650
1808,2020-10-26,2.133,2.133,2.063,2.07,559800,sh510650
1809,2020-10-27,2.07,2.07,2.057,2.061,137800,sh510650
1810,2020-10-28,2.06,2.06,2.035,2.049,183979,sh510650
1811,2020-10-29,2.019,2.061,2.019,2.048,399800,sh510650
1812,2020-10-30,2.046,2.051,2.011,2.015,1670300,sh510650
1813,2020-11-02,2.02,2.03,1.993,2.001,481300,sh510650
1814,2020-11-03,2.005,2.046,2.005,2.035,322300,sh510650
1815,2020-11-04,2.035,2.059,2.03,2.045,338400,sh510650
1816,2020-11-05,2.076,2.076,2.049,2.056,471400,sh510650
1817,2020-11-06,2.055,2.061,2.043,2.048,923100,sh510650
1818,2020-11-09,2.047,2.095,2.046,2.087,822000,sh510650
1819,2020-11-10,2.092,2.117,2.088,2.095,1552700,sh510650
1820,2020-11-11,2.092,2.109,2.085,2.099,4439500,sh510650
1821,2020-11-12,2.097,2.106,2.06,2.083,619400,sh510650
1822,2020-11-13,2.08,2.08,2.034,2.042,888800,sh510650
1823,2020-11-16,2.045,2.061,2.045,2.06,152000,sh510650
1824,2020-11-17,2.06,2.078,2.06,2.077,5059400,sh510650
1825,2020-11-18,2.08,2.127,2.08,2.114,4641600,sh510650
1826,2020-11-19,2.115,2.121,2.095,2.118,3625900,sh510650
1827,2020-11-20,2.117,2.117,2.098,2.108,1228800,sh510650
1828,2020-11-23,2.109,2.149,2.107,2.14,4123302,sh510650
1829,2020-11-24,2.138,2.144,2.123,2.128,5808200,sh510650
1830,2020-11-25,2.13,2.161,2.128,2.129,2017800,sh510650
1831,2020-11-26,2.13,2.157,2.123,2.154,7344100,sh510650
1832,2020-11-27,2.157,2.194,2.154,2.193,9660058,sh510650
1833,2020-11-30,2.197,2.277,2.184,2.19,9471782,sh510650
1834,2020-12-01,2.19,2.255,2.177,2.244,5571700,sh510650
1835,2020-12-02,2.244,2.262,2.225,2.241,3308800,sh510650
1836,2020-12-03,2.24,2.245,2.212,2.228,1037657,sh510650
1837,2020-12-04,2.226,2.226,2.186,2.208,2637400,sh510650
1838,2020-12-07,2.208,2.209,2.159,2.166,1464400,sh510650
1839,2020-12-08,2.166,2.182,2.149,2.154,1765300,sh510650
1840,2020-12-09,2.152,2.176,2.139,2.141,1948700,sh510650
1841,2020-12-10,2.141,2.149,2.117,2.128,1648000,sh510650
1842,2020-12-11,2.126,2.137,2.093,2.106,1982700,sh510650
1843,2020-12-14,2.106,2.136,2.106,2.123,2734400,sh510650
1844,2020-12-15,2.122,2.122,2.082,2.106,1428200,sh510650
1845,2020-12-16,2.106,2.125,2.102,2.106,1415900,sh510650
1846,2020-12-17,2.105,2.138,2.094,2.138,789900,sh510650
1847,2020-12-18,2.136,2.136,2.1,2.105,2171200,sh510650
1848,2020-12-21,2.103,2.115,2.085,2.104,1569700,sh510650
1849,2020-12-22,2.1,2.1,2.055,2.058,6377900,sh510650
1850,2020-12-23,2.057,2.066,2.048,2.063,6075801,sh510650
1851,2020-12-24,2.065,2.085,2.058,2.062,6578300,sh510650
1852,2020-12-25,2.06,2.065,2.038,2.061,3047800,sh510650
1853,2020-12-28,2.06,2.081,2.051,2.069,5122500,sh510650
1854,2020-12-29,2.074,2.089,2.073,2.076,2823900,sh510650
1855,2020-12-30,2.07,2.084,2.062,2.082,3343600,sh510650
1856,2020-12-31,2.082,2.137,2.082,2.125,8130400,sh510650
1857,2021-01-04,2.13,2.13,2.074,2.101,8234500,sh510650
1858,2021-01-05,2.1,2.1,2.046,2.072,2743600,sh510650
1859,2021-01-06,2.075,2.113,2.07,2.111,7926171,sh510650
1860,2021-01-07,2.109,2.138,2.102,2.133,6116800,sh510650
1861,2021-01-08,2.135,2.162,2.127,2.146,8205000,sh510650
1862,2021-01-11,2.16,2.167,2.137,2.141,8559700,sh510650
1863,2021-01-12,2.149,2.205,2.125,2.202,3505900,sh510650
1864,2021-01-13,2.205,2.218,2.183,2.192,2779100,sh510650
1865,2021-01-14,2.19,2.216,2.172,2.177,1331200,sh510650
1866,2021-01-15,2.179,2.272,2.179,2.222,6872800,sh510650
1867,2021-01-18,2.211,2.26,2.205,2.25,4366200,sh510650
1868,2021-01-19,2.251,2.285,2.23,2.253,5251800,sh510650
1869,2021-01-20,2.25,2.271,2.226,2.231,4461700,sh510650
1870,2021-01-21,2.237,2.264,2.228,2.241,2347500,sh510650
1871,2021-01-22,2.24,2.24,2.191,2.201,2672400,sh510650
1872,2021-01-25,2.182,2.208,2.167,2.205,9530200,sh510650
1873,2021-01-26,2.2,2.217,2.17,2.173,6156100,sh510650
1874,2021-01-27,2.19,2.21,2.182,2.187,6176600,sh510650
1875,2021-01-28,2.18,2.18,2.148,2.157,4126632,sh510650
1876,2021-01-29,2.162,2.168,2.126,2.143,1762500,sh510650
1877,2021-02-01,2.152,2.176,2.13,2.171,1860600,sh510650
1878,2021-02-02,2.171,2.18,2.15,2.159,1983000,sh510650
1879,2021-02-03,2.159,2.182,2.133,2.162,2511800,sh510650
1880,2021-02-04,2.161,2.198,2.155,2.165,3183100,sh510650
1881,2021-02-05,2.177,2.216,2.177,2.208,2239100,sh510650
1882,2021-02-08,2.21,2.22,2.184,2.209,2393000,sh510650
1883,2021-02-09,2.208,2.224,2.186,2.223,2469246,sh510650
1884,2021-02-10,2.206,2.245,2.202,2.224,3859147,sh510650
1885,2021-02-18,2.232,2.293,2.232,2.268,5775100,sh510650
1886,2021-02-19,2.267,2.292,2.25,2.275,3932800,sh510650
1887,2021-02-22,2.281,2.286,2.245,2.247,5705800,sh510650
1888,2021-02-23,2.245,2.297,2.245,2.268,3629300,sh510650
1889,2021-02-24,2.269,2.274,2.217,2.239,3254000,sh510650
1890,2021-02-25,2.246,2.309,2.246,2.293,6660900,sh510650
1891,2021-02-26,2.29,2.29,2.217,2.222,5087600,sh510650
1892,2021-03-01,2.22,2.224,2.194,2.208,3900200,sh510650
1893,2021-03-02,2.208,2.216,2.17,2.186,3213700,sh510650
1894,2021-03-03,2.186,2.262,2.186,2.261,2918206,sh510650
1895,2021-03-04,2.259,2.273,2.23,2.237,5780700,sh510650
1896,2021-03-05,2.231,2.233,2.189,2.222,6516700,sh510650
1897,2021-03-08,2.222,2.254,2.194,2.196,7183300,sh510650
1898,2021-03-09,2.198,2.219,2.155,2.156,7565500,sh510650
1899,2021-03-10,2.157,2.168,2.149,2.152,5898000,sh510650
1900,2021-03-11,2.153,2.212,2.153,2.205,4274500,sh510650
1901,2021-03-12,2.205,2.217,2.199,2.217,5053100,sh510650
1902,2021-03-15,2.21,2.239,2.201,2.214,4285200,sh510650
1903,2021-03-16,2.229,2.246,2.224,2.237,4187100,sh510650
1904,2021-03-17,2.237,2.237,2.195,2.207,1203300,sh510650
1905,2021-03-18,2.209,2.21,2.19,2.206,682100,sh510650
1906,2021-03-19,2.208,2.208,2.142,2.15,1541100,sh510650
1907,2021-03-22,2.15,2.191,2.15,2.182,983800,sh510650
1908,2021-03-23,2.182,2.198,2.165,2.18,465900,sh510650
1909,2021-03-24,2.18,2.182,2.15,2.153,4856200,sh510650
1910,2021-03-25,2.14,2.158,2.135,2.139,3120700,sh510650
1911,2021-03-26,2.153,2.161,2.146,2.158,5157364,sh510650
1912,2021-03-29,2.149,2.163,2.144,2.162,5042300,sh510650
1913,2021-03-30,2.161,2.174,2.154,2.174,4072400,sh510650
1914,2021-03-31,2.168,2.171,2.149,2.169,4494800,sh510650
1915,2021-04-01,2.163,2.172,2.159,2.169,4278400,sh510650
1916,2021-04-02,2.164,2.164,2.151,2.156,3546386,sh510650
1917,2021-04-06,2.156,2.168,2.155,2.162,4688100,sh510650
1918,2021-04-07,2.16,2.16,2.137,2.142,3898700,sh510650
1919,2021-04-08,2.137,2.146,2.136,2.14,5330800,sh510650
1920,2021-04-09,2.133,2.133,2.121,2.127,5318900,sh510650
1921,2021-04-12,2.117,2.132,2.114,2.12,6249300,sh510650
1922,2021-04-13,2.128,2.134,2.106,2.109,4695700,sh510650
1923,2021-04-14,2.115,2.12,2.097,2.101,5508500,sh510650
1924,2021-04-15,2.101,2.101,2.062,2.078,5095400,sh510650
1925,2021-04-16,2.079,2.09,2.073,2.088,6215100,sh510650
1926,2021-04-19,2.077,2.115,2.077,2.115,6724900,sh510650
1927,2021-04-20,2.105,2.117,2.105,2.108,6086000,sh510650
1928,2021-04-21,2.11,2.128,2.109,2.122,5747800,sh510650
1929,2021-04-22,2.13,2.13,2.106,2.111,5226800,sh510650
1930,2021-04-23,2.111,2.122,2.105,2.114,7499700,sh510650
1931,2021-04-26,2.124,2.124,2.079,2.082,7109700,sh510650
1932,2021-04-27,2.082,2.088,2.072,2.085,9132300,sh510650
1933,2021-04-28,2.083,2.083,2.069,2.076,7219100,sh510650
1934,2021-04-29,2.078,2.126,2.078,2.125,7846200,sh510650
1935,2021-04-30,2.145,2.145,2.076,2.086,2916400,sh510650
1936,2021-05-06,2.086,2.115,2.086,2.095,6505100,sh510650
1937,2021-05-07,2.105,2.122,2.095,2.099,8958100,sh510650
1938,2021-05-10,2.092,2.092,2.074,2.087,6579100,sh510650
1939,2021-05-11,2.082,2.105,2.081,2.101,7214500,sh510650
1940,2021-05-12,2.106,2.121,2.093,2.105,6622700,sh510650
1941,2021-05-13,2.1,2.107,2.085,2.095,7985100,sh510650
1942,2021-05-14,2.097,2.161,2.097,2.16,10687200,sh510650
1943,2021-05-17,2.161,2.167,2.139,2.147,12437200,sh510650
1944,2021-05-18,2.157,2.162,2.149,2.154,13216600,sh510650
1945,2021-05-19,2.157,2.157,2.121,2.127,10447500,sh510650
1946,2021-05-20,2.118,2.15,2.115,2.146,17847700,sh510650
1947,2021-05-21,2.152,2.152,2.118,2.122,13308200,sh510650
1948,2021-05-24,2.122,2.137,2.122,2.129,8219600,sh510650
1949,2021-05-25,2.133,2.213,2.131,2.209,10205900,sh510650
1950,2021-05-26,2.212,2.236,2.212,2.219,10507100,sh510650
1951,2021-05-27,2.219,2.23,2.198,2.214,12051400,sh510650
1952,2021-05-28,2.204,2.234,2.183,2.221,11521000,sh510650
1953,2021-05-31,2.218,2.218,2.196,2.21,9450800,sh510650
1954,2021-06-01,2.205,2.205,2.178,2.189,6476700,sh510650
1955,2021-06-02,2.189,2.189,2.171,2.179,7840700,sh510650
1956,2021-06-03,2.179,2.206,2.168,2.17,7406800,sh510650
1957,2021-06-04,2.173,2.217,2.172,2.191,6736600,sh510650
1958,2021-06-07,2.191,2.191,2.177,2.184,8307500,sh510650
1959,2021-06-08,2.181,2.202,2.174,2.185,13082800,sh510650
1960,2021-06-09,2.195,2.201,2.181,2.193,20588700,sh510650
1961,2021-06-10,2.2,2.221,2.187,2.2,307248400,sh510650
1962,2021-06-11,2.208,2.22,2.17,2.172,2444900,sh510650
1963,2021-06-15,2.174,2.177,2.144,2.15,3108200,sh510650
1964,2021-06-16,2.149,2.177,2.149,2.165,2114900,sh510650
1965,2021-06-17,2.174,2.183,2.16,2.163,1259700,sh510650
1966,2021-06-18,2.145,2.173,2.145,2.155,5598600,sh510650
1967,2021-06-21,2.155,2.168,2.146,2.154,4885200,sh510650
1968,2021-06-22,2.16,2.2,2.16,2.191,8050700,sh510650
1969,2021-06-23,2.183,2.21,2.183,2.204,2095900,sh510650
1970,2021-06-24,2.19,2.216,2.19,2.207,15418700,sh510650
1971,2021-06-25,2.207,2.232,2.202,2.223,8165098,sh510650
1972,2021-06-28,2.213,2.213,2.175,2.18,7150300,sh510650
1973,2021-06-29,2.175,2.181,2.164,2.165,8117600,sh510650
